player_name,position,height,height_with_shoes,weight,wingspan,draft_year
Tyler Ulis,PG,174.62,177.8,67.68,187.96,2016
John Lucas III,PG,175.9,179.07,70.03,182.88,2005
Cordell Henry,PG,172.72,175.26,70.31,185.42,2002
Russ Smith,PG,181.61,184.78,72.57,191.77,2014
Daryl Dorsey,PG,180.98,184.15,72.94,181.61,2005
Aaron Brooks,PG,177.8,182.24,73.03,193.04,2007
Max Abmas,PG,179.07,182.24,73.39,187.32,2021
T.J. Ford,PG,180.34,182.88,73.48,181.61,2003
DJ Steward,PG,184.78,187.32,73.57,200.66,2021
Marcus Hatten,PG,184.78,187.32,73.94,198.76,2003
Terquavion Smith,SG,189.23,191.77,74.03,200.02,2023
Eric Maynor,PG,188.6,191.14,74.21,189.23,2009
Marcus Paige,PG,184.15,187.32,74.3,198.76,2016
Dennis Schroder,PG,185.42,187.96,74.75,202.56,2013
Hollis Price,PG/SG,181.61,184.15,74.84,194.31,2003
Travis Diener,PG/SG,182.24,185.42,74.93,182.24,2005
Terquavion Smith,SG,188.6,192.4,74.93,199.39,2022
Jaquay Walls,PG,186.06,188.6,75.07,189.23,2000
Rashad Phillips,PG,175.26,177.8,75.3,186.69,2001
Tyrone Brazelton,PG,177.8,180.34,75.3,187.32,2008
Speedy Claxton,PG,179.07,181.61,75.3,182.88,2000
Darren Collison,PG,183.52,186.69,75.39,190.5,2009
Mike Taylor,SG/PG,184.78,187.96,75.39,201.3,2008
Kobi Simmons,PG,191.14,194.31,75.39,198.12,2017
DaShaun Wood,PG,179.7,181.61,75.75,184.78,2007
Anthony Grundy,PG/SG,184.78,187.32,75.75,202.56,2002
Luke Ridnour,PG,185.42,187.96,75.75,190.5,2003
Keifer Sykes,PG,179.07,182.24,75.84,187.96,2015
Keon Ellis,SG,191.77,194.94,75.93,204.47,2022
Kyle Guy,SG,184.78,188.6,76.11,194.31,2019
Jamaal Tatum,PG,181.61,184.78,76.2,189.23,2007
Jannero Pargo,PG,183.52,186.06,76.2,189.23,2002
Nah'Shon Hyland,SG,187.96,191.77,76.66,206.38,2021
Jared Harper,PG,177.16,180.34,76.75,196.85,2019
Ryan Boatright,PG,177.8,180.34,76.93,184.15,2015
De?Aaron Fox,PG,187.96,191.14,76.93,199.39,2017
Omar Quintero,PG,177.16,180.98,77.11,181.61,2004
Lynn Greer,PG,183.52,186.06,77.11,185.42,2002
Bobby Brown,PG,180.34,187.32,77.11,193.04,2007
Tyrell Terry,PG,186.69,190.5,77.11,187.32,2020
Devin Harris,PG,187.32,190.5,77.11,201.93,2004
Jimmie Hunter,SG/PG,190.5,193.04,77.11,203.2,2000
Isaiah Joe,SG,190.5,194.31,77.29,201.93,2020
Markus Howard,PG,176.53,180.34,77.47,183.52,2020
Shane Larkin,PG,178.44,181.61,77.47,179.7,2013
Andre Barrett,PG,174.62,177.16,77.56,185.42,2004
Horace Jenkins,PG,182.24,184.78,77.56,196.22,2001
CJ Watson,PG,184.15,187.32,77.56,198.12,2006
Jordan Farmar,PG,184.78,187.96,77.56,190.5,2006
D.J. Augustin,PG,177.8,181.61,77.79,191.77,2008
Jean Montero,PG,185.42,188.6,77.93,196.22,2022
Will Solomon,PG/SG,182.24,184.78,78.02,207.01,2001
Ivan Koljevic,PG,185.42,187.96,78.02,189.23,2004
Rudy Fernandez,SG,194.94,198.12,78.02,201.93,2005
Kennedy Chandler,PG,181.61,184.15,78.11,196.22,2022
Tremont Waters,PG,176.53,179.7,78.2,188.6,2019
Taurean Green,PG,180.34,184.78,78.47,188.6,2007
Brian Roberts,PG,183.52,186.06,78.47,186.06,2008
Cat Barber,PG,186.69,189.86,78.47,196.85,2016
Carlik Jones,PG,182.88,185.42,78.74,195.58,2021
Nick Smith Jr.,SG,187.96,190.5,83.9,203.2,2023
Shaheen Holloway,PG,176.53,179.07,78.93,177.8,2000
Mire Chatman,PG/SG,182.88,185.42,78.93,198.12,2002
Norris Cole,PG,183.52,187.32,79.11,188.6,2011
Will Barton,SG/SF,195.58,198.12,79.11,207.64,2012
John Butler Jr.,PF,212.72,215.26,79.11,219.08,2022
Aaron Miles,PG,182.88,186.69,79.2,191.77,2005
Dominic James,PG,177.8,182.24,79.38,187.96,2007
Mike Conley,PG,180.34,184.78,79.38,197.48,2007
Chris Quinn,PG/SG,184.15,186.69,79.38,195.58,2006
A.J. Guyton,PG/SG,184.78,187.32,79.38,192.4,2000
Jamal Crawford,PG/SG,194.31,196.85,79.38,208.28,2000
Shabazz Napier,PG,180.34,185.42,79.47,191.14,2014
Jeff Teague,PG,183.52,186.69,79.47,201.93,2009
Monte Morris,PG,186.06,189.23,79.47,193.04,2017
Patty Mills,PG,180.98,184.15,79.56,187.96,2009
Drew Neitzel,PG,182.24,184.78,79.61,189.23,2008
Pierre Jackson,PG,176.53,179.07,79.83,177.8,2013
SirValiant Brown,PG,180.34,182.88,79.83,193.04,2001
Eddie Gill,PG,182.24,184.78,79.83,193.04,2000
Aleksandar Capin,PG,182.88,186.06,79.83,186.69,2004
Kenny Satterfield,PG,185.42,187.96,79.83,194.31,2001
Chris Thomas,PG,182.24,185.42,79.92,190.5,2005
Judah Mintz,PG,190.5,193.04,80.01,191.77,2023
Edmond Sumner,PG,193.04,197.48,80.01,205.74,2017
Eddie House,SG/PG,182.24,184.78,80.06,191.77,2000
Monta Ellis,SG/PG,188.6,191.14,80.1,189.86,2005
Brandon Knight,PG,186.69,191.14,80.2,200.02,2011
Phil Pressey,PG,176.53,181.61,80.29,188.6,2013
Gerry McNamara,PG/SG,182.24,184.15,80.29,184.78,2006
Matt Santangelo,PG,182.88,185.42,80.29,190.5,2000
Tyshawn Taylor,PG,189.86,193.04,80.29,198.76,2012
Kay Felder,PG,173.36,176.53,80.38,189.23,2016
Marcus Thornton,PG/SG,187.32,189.86,80.47,202.56,2015
Tre Mann,PG,191.14,193.68,80.56,193.04,2021
Trae Young,PG,184.15,187.32,80.65,190.5,2018
Keyonte George,SG,193.04,195.54,87.98,213.36,2023
Teddy Dupay,PG,176.53,179.07,80.74,179.7,2002
Demetrius Porter,PG,179.7,182.24,80.74,189.86,2001
Maurice Baker,PG,182.24,184.78,80.74,193.04,2002
Chris Paul,PG,182.24,185.42,80.74,193.68,2005
Troy Bell,PG,183.52,186.06,80.74,195.58,2003
Darren Kelly,SG/PG,187.96,190.5,80.74,200.02,2001
Jamison Brewer,PG,189.23,191.77,80.74,205.1,2001
Erick Green,PG,186.69,190.5,80.83,197.48,2013
Grant Riller,PG/SG,183.52,185.42,80.92,196.22,2020
Isaiah Wong,SG,189.23,191.77,80.92,200.02,2023
Devon Dotson,PG,182.88,187.96,81.01,191.14,2019
Chasson Randle,PG,183.52,186.69,81.1,200.66,2015
Anthony Roberson,PG,184.78,189.23,81.1,189.86,2005
Luther Head,PG/SG,187.96,190.5,81.1,196.22,2005
BJ Young,SG/PG,188.6,191.77,81.1,203.84,2013
Dee Brown,PG/SG,180.34,182.88,81.19,187.96,2005
Quinn Cook,PG,183.52,187.96,81.19,193.04,2015
Jerry Green,PG/SG,186.69,189.23,81.19,198.76,2001
Jordan Bone,SG,186.69,189.86,81.19,191.14,2019
Jaylen Hands,PG,186.69,189.86,81.19,196.85,2018
Smush Parker,PG/SG,189.23,191.77,81.19,208.28,2002
Tarence Kinsey,SF/SG,194.94,196.85,81.19,200.02,2006
Seth Curry,SG,185.42,190.5,81.28,193.04,2013
Ryan Rollins,SG,187.96,191.14,81.28,207.64,2022
Jeremy Lamb,SG,193.04,196.22,81.28,210.82,2012
AJ Lawson,SG/SF,196.85,200.02,81.28,200.02,2021
Emoni Bates,SF,203.84,206.38,81.28,205.74,2023
Jordan McRae,SG,192.4,196.22,81.37,214.63,2014
Marquis Teague,PG,185.42,187.96,81.56,201.3,2012
Bilal Coulibaly,SG/SF,203.2,205.7,88.44,218.44,2023
Shamorie Ponds,PG,181.61,184.15,81.65,191.77,2019
Scotty Pippen Jr.,PG,182.88,186.69,81.65,197.48,2022
Norman Richardson,SG,191.77,194.31,81.65,194.31,2001
Shai Gilgeous-Alexander,PG,194.31,198.12,81.65,212.09,2018
Jon Scheyer,PG/SG,194.94,198.12,81.65,191.14,2010
Myck Kabongo,PG,186.06,189.86,81.83,198.76,2013
Jaylen Hands,PG,186.69,190.5,81.83,196.85,2019
Avery Bradley,SG/PG,187.96,191.14,81.83,201.3,2010
Hugo Besson,SG,194.31,197.48,81.83,196.85,2022
Peyton Siva,PG,181.61,185.42,81.92,190.5,2013
Jason Preston,PG,190.5,193.04,81.92,204.47,2021
Marcus Zegarowski,PG,184.78,187.96,82.01,189.86,2021
Patrick McCaw,PG/SG,196.22,200.02,82.01,208.28,2016
Zach LaVine,PG,194.31,197.48,82.05,203.84,2014
Nate Robinson,PG,172.08,175.26,82.1,185.42,2004
Tim Bowers,PG/SG,184.15,187.32,82.1,205.74,2004
Marcus Taylor,PG,185.42,187.96,82.1,194.31,2002
George Hill,PG,186.06,189.23,82.1,205.74,2008
Jason Hart,PG,187.32,189.86,82.1,198.12,2000
Stephen Curry,PG/SG,187.96,191.14,82.1,191.77,2009
Brandon Heath,PG,187.96,192.4,82.1,200.66,2007
Ky Bowman,PG,185.42,188.6,82.19,200.66,2019
Bryce McGowens,SG,196.22,199.39,82.19,205.1,2022
Tyler Harvey,SG,189.86,193.04,82.28,196.85,2015
Delon Wright,PG,193.68,196.85,82.28,201.93,2015
Tyler Ennis,PG,185.42,189.23,82.33,201.3,2014
Jamar Butler,PG,183.52,186.69,82.55,194.94,2008
Sean Kennedy,PG,184.78,187.32,82.55,189.23,2002
Sean Dockery,PG/SG,184.78,187.96,82.55,194.31,2006
Kelvin Pena,SG/PG,188.6,191.14,82.55,199.39,2004
Malik Newman,SG,188.6,191.77,82.64,197.48,2016
Chris Boucher,PF,203.2,207.01,82.64,223.52,2017
Rodrigue Beaubois,PG,186.06,188.6,82.74,207.64,2009
Dereon Seabron,SG,194.94,197.48,82.74,205.1,2022
Tyler Dorsey,SG,190.5,194.31,82.83,196.22,2017
Cameron Payne,PG,184.78,186.69,82.92,201.3,2015
Collin Sexton,PG,184.15,186.69,83.01,201.3,2018
Jared Jordan,PG,182.88,187.32,83.01,182.88,2007
Greg Harrington,PG,185.42,187.96,83.01,192.4,2002
Zach Marbury,PG/SG,186.06,188.6,83.01,191.77,2001
Delonte West,PG/SG,186.69,189.86,83.01,198.12,2004
Taquan Dean,SG/PG,187.96,190.5,83.01,200.02,2006
Kendall Williams,PG,188.6,192.4,83.01,196.85,2014
Jobey Thomas,SG,189.86,192.4,83.01,197.48,2002
Alex Acker,SG,192.4,194.94,83.01,213.36,2005
Cory Hightower,SG/SF,196.85,199.39,83.01,210.82,2000
Keenan Evans,PG,186.69,190.5,83.1,196.22,2018
Iverson Molinar,PG,188.6,191.14,83.1,203.2,2022
Anfernee Simons,SG/PG,188.6,191.14,83.1,206.38,2018
Toney Douglas,PG,185.42,187.96,83.19,198.12,2009
Ronald Steele,PG,183.52,186.69,83.23,193.68,2008
Sean Singletary,PG,180.34,182.88,83.37,194.31,2008
Gary Payton II,PG,187.96,190.5,83.37,203.2,2016
Keydren Clark,PG,175.26,178.44,83.46,189.23,2006
Kemba Walker,PG,181.61,185.42,83.46,191.77,2011
Earl Watson,PG,182.88,185.42,83.46,200.02,2001
Julius Doc Robinson,PG,182.88,185.42,83.46,192.4,2000
Marlon Parmer,PG,184.78,187.32,83.46,191.77,2003
Ramel Bradley,PG/SG,186.06,188.6,83.46,195.58,2008
Igor Rakocevic,PG,189.23,191.77,83.46,196.22,2000
Markel Brown,SG,189.23,191.77,83.64,205.1,2014
Michael Carter-Williams,PG,194.94,197.48,83.64,201.3,2013
Terrance Ferguson,SG/SF,196.85,200.66,83.64,205.1,2017
Alex Scales,SG/PG,188.6,191.14,83.69,205.74,2000
Tyus Jones,PG,184.15,187.96,83.73,195.58,2015
Trey Alexander,SG,191.14,193.68,83.73,208.28,2023
Ronnie Price,PG,184.78,188.6,83.82,196.85,2005
Keon Johnson,SG,191.77,194.94,83.82,201.3,2021
Brandon Miller,SF,200.66,203.2,91.16,212.09,2023
Ramon Sessions,PG,187.96,192.4,83.91,193.68,2007
Tony Bobbitt,SG,189.86,193.04,83.91,200.66,2004
Mustafa Shakur,PG,190.5,194.31,83.91,196.85,2007
Renaldas Seibutis,SG,193.04,197.48,83.91,205.1,2007
R.J. Hunter,SG,194.31,198.12,83.91,209.55,2015
Jamario Moon,SF,199.39,201.93,83.91,212.09,2001
Corey Brewer,SF/SG,198.12,202.56,83.91,203.84,2007
Manny Harris,SG,193.04,196.85,83.96,201.3,2010
Jawun Evans,PG,179.7,181.61,84.01,196.85,2017
Jack McClinton,SG/PG,182.24,184.78,84.01,189.23,2009
Devon Dotson,PG,184.15,187.2,84.01,190.5,2020
Jalen Lecque,PG,189.23,193.68,84.01,204.47,2019
Jayden Scrubb,SG/SF,195.58,198.63,84.01,207.01,2020
Elfrid Payton,PG,189.23,192.4,84.1,203.2,2014
Immanuel Quickley,SG,187.96,190.5,84.28,203.84,2020
Olivier Hanlan,PG/SG,191.14,193.68,84.28,198.12,2015
Isaiah Thomas,PG,174.62,178.44,84.37,187.32,2011
Semaj Christon,PG,186.69,191.14,84.37,199.39,2014
Acie Law,PG,187.96,191.77,84.37,199.39,2007
Kirk Hinrich,PG/SG,189.86,192.4,84.37,198.12,2003
Jordan Hawkins,SG,193.68,196.22,84.37,200.02,2023
Shaun Livingston,PG/SG,198.76,201.93,84.37,210.82,2004
Cory Joseph,PG,187.96,191.14,84.46,196.85,2011
John Petty Jr.,SG,194.31,197.48,84.46,207.01,2021
Jordan Clarkson,PG,191.14,195.58,84.5,203.2,2014
Devonte Graham,PG,183.52,186.69,84.55,198.76,2018
Rawle Marshall,SG/SF,194.31,197.48,84.64,215.9,2005
Tu Holloway,PG,179.07,182.24,84.73,196.85,2012
Bracey Wright,SG/PG,186.06,189.23,84.73,208.28,2005
Kobe Bufkin,SG,193.68,196.22,84.73,202.56,2023
Tyler Honeycutt,SF,200.02,203.84,84.73,205.74,2011
Aaron Holiday,PG,182.24,184.78,84.82,201.93,2018
Trey Burke,PG,182.24,186.06,84.82,196.85,2013
Jermaine Boyette,PG/SG,185.42,187.96,84.82,193.04,2003
Xavier Thames,PG,188.6,191.77,84.82,193.04,2014
Chris McCray,SG,190.5,193.04,84.82,197.48,2006
Tory Walker,SF,200.02,202.56,84.82,211.46,2001
Wayne Wallace,PF,201.3,203.84,84.82,218.44,2003
Blake Wesley,SG,190.5,193.68,84.91,206.38,2022
Theo Maledon,PG,193.04,195.58,85,205.1,2020
Nolan Smith,PG,186.69,191.77,85.09,196.85,2011
Jared Cunningham,SG/PG,191.77,195.58,85.09,199.39,2012
Scottie Lewis,SF,193.04,196.22,85.09,213.36,2021
TJ McConnell,PG,184.15,187.96,85.18,187.96,2015
LaceDarius Dunn,SG,190.5,193.04,85.18,198.76,2011
Jason Gardner,PG,177.16,179.7,85.28,186.06,2001
J.R. Bremer,SG/PG,186.06,188.6,85.28,188.6,2002
JR Reynolds,PG,182.88,189.86,85.28,191.14,2007
Brandon Armstrong,SG,191.77,194.31,85.28,207.01,2001
Brandon Boston Jr.,SF,197.48,200.66,85.28,210.18,2021
Marcus Denmon,SG,188.6,191.14,85.37,195.58,2012
Isaiah Canaan,PG,180.34,182.88,85.46,194.31,2013
Jerome Robinson,SG,193.04,195.58,85.46,201.3,2018
Ziaire Williams,SF,203.84,207.64,85.46,208.92,2021
Derrick Walton Jr.,PG,180.34,184.78,85.55,189.23,2017
Will Conroy,PG,185.42,187.96,85.55,190.5,2005
Landry Shamet,PG,193.04,196.22,85.55,200.02,2018
Cody Martin,SG/SF,194.94,198.12,85.55,208.92,2018
Omari Moore,SG,196.22,198.76,85.55,207.64,2023
Will Bynum,PG/SG,179.07,181.61,85.64,191.77,2005
Frank Mason III,PG,180.34,182.88,85.64,191.14,2017
Damian Lillard,PG,187.32,189.86,85.64,202.56,2012
Aubrey Reese,PG,179.7,182.24,85.73,196.85,2000
Omar Cook,PG,181.61,184.15,85.73,196.85,2001
Ed Cota,PG,183.52,186.06,85.73,193.04,2000
Mo Williams,PG/SG,184.78,187.32,85.73,196.85,2003
Joshua Primo,SG,193.04,195.58,85.73,206.38,2021
Archie Goodwin,SG,192.4,196.22,85.73,207.01,2013
Malik Newman,SG,189.23,191.14,85.82,196.85,2018
Ben McLemore,SG,191.77,194.94,85.82,202.56,2013
Lorenzo Brown,PG,193.04,196.22,85.82,200.66,2013
Max Christie,SG,193.68,197.48,85.82,205.1,2022
Francisco Garcia,SF/SG,197.48,200.66,86,210.18,2005
Devin Robinson,SF,200.66,203.84,86,215.26,2017
Derrick White,PG,191.14,194.31,86.09,201.93,2017
Malik Beasley,SG,191.77,194.31,86.09,200.66,2016
Carl Krauser,PG,182.24,184.78,86.18,198.76,2006
Brandin Knight,PG,182.24,184.78,86.18,198.12,2003
Rashad Wright,PG,184.15,187.32,86.18,208.28,2004
Derrick Zimmerman,PG,185.42,187.96,86.18,205.74,2003
James Bouknight,SG,191.77,194.94,86.18,203.84,2021
JJ Redick,SG,193.04,194.94,86.18,191.14,2006
Aaron Wiggins,SG/SF,194.31,195.58,86.18,207.64,2021
Darius Morris,PG/SG,191.14,196.22,86.18,201.93,2011
Keith Brumbaugh,SF/PF,201.93,205.1,86.18,201.3,2008
Terry Rozier,PG/SG,184.15,188.6,86.27,203.84,2015
Nigel Williams-Goss,PG,186.69,190.5,86.27,201.3,2017
Jerel McNeal,SG,186.69,190.5,86.36,201.3,2009
Reece Beekman,PG,186.69,189.23,86.45,200.66,2023
Amari Bailey,SG,191.14,193.68,86.55,200.66,2023
Jamaal Franklin,SG/SF,193.04,196.22,86.55,211.46,2013
Jordan Poole,SG,191.77,196.85,86.55,200.02,2019
Antonio Burks,PG,182.88,184.78,86.64,199.39,2004
Trevon Duval,PG,186.69,189.23,86.64,203.84,2018
Zabian Dowdell,PG,185.42,190.5,86.64,208.28,2007
Immanuel McElroy,SG,188.6,191.14,86.64,199.39,2002
Kyrie Irving,PG,187.32,191.77,86.64,193.04,2011
Caris LeVert,SG,197.48,200.66,86.64,208.28,2016
Ray McCallum,PG,183.52,187.32,86.82,191.14,2013
E'Twaun Moore,SG,189.23,193.04,86.82,207.01,2011
Coby White,PG,191.77,194.94,86.82,195.58,2019
Eric Bledsoe,PG,183.52,186.69,86.91,201.93,2010
Aaron Craft,PG,184.78,187.32,86.91,187.96,2014
Andy Rautins,SG,193.68,195.58,86.91,200.66,2010
Jordan Miller,SF,194.31,196.85,86.91,212.72,2023
Jalen McDaniels,SF,203.84,207.64,86.91,214,2019
Corey Hawkins,SG/PG,184.78,187.32,87,203.2,2015
Adam Flagler,PG,185.42,187.96,87,194.31,2023
JD Davison,PG,184.15,189.23,87,199.39,2022
Melo Trimble,PG,186.06,189.23,87,187.96,2016
Austin Daye,SF/PF,207.64,210.18,87,220.34,2009
Scoot Henderson,PG,190.5,193,91.61,205.74,2023
Ben Gordon,PG/SG,185.42,188.6,87.09,204.47,2004
Russell Westbrook,PG,188.6,191.77,87.09,202.56,2008
Kim English,SG,194.31,197.48,87.09,199.39,2012
Gerald Green,SF,198.12,201.3,87.09,207.64,2005
McKinley Wright IV,PG,180.98,183.52,87.18,196.22,2021
Cody Martin,PG/SG,194.94,196.85,87.18,208.92,2019
Kadeem Allen,PG,185.42,188.6,87.27,206.38,2017
Terence Davis,SG,190.5,194.31,87.27,205.1,2019
Tyler Herro,SG,194.31,198.12,87.27,191.14,2019
Devyn Marble,SG,195.58,199.39,87.27,205.74,2014
Alec Burks,SG,195.58,198.12,87.36,208.28,2011
Deonte Burton,PG,182.88,186.06,87.45,200.66,2014
A.J. Price,PG,184.15,187.96,87.45,192.4,2009
Jordan Taylor,PG,185.42,187.96,87.45,190.5,2012
Gabriele Procida,SG/SF,197.48,202.56,87.45,203.2,2022
Chris Duhon,PG,182.88,186.06,87.54,199.39,2004
Dajuan Wagner,PG/SG,184.78,187.32,87.54,187.96,2002
Ashton Hagans,PG,186.69,189.23,87.54,203.2,2020
Jared Butler,PG,188.6,192.4,87.54,193.04,2021
Ruben Douglas,SG,191.77,194.31,87.54,201.3,2003
Joseph Forte,SG,191.77,194.31,87.54,199.39,2001
Sonny Weems,SG/SF,193.04,196.85,87.54,208.28,2008
Sasha Vujacic,PG/SG,196.85,199.39,87.54,196.85,2003
Rod Grizzard,SF/SG,198.12,200.66,87.54,213.36,2002
Dillon Mitchell,PF,200.02,202.56,87.54,208.28,2023
Randall Orr,PF/SF,205.74,210.18,87.54,209.55,2004
DeAnthony Melton,SG/PG,188.6,191.14,87.63,204.47,2018
Rayan Rupert,SF,198.12,200.66,87.63,218.44,2023
Carl Krauser,PG/SG,181.61,184.78,87.72,196.85,2005
Jahmi'us Ramsey,SG,189.23,192.28,87.72,198.12,2020
Jalen Harris,SG,189.86,193.55,87.72,200.66,2020
D?Angelo Russell,PG/SG,191.14,195.58,87.72,207.64,2015
Wesley Iwundu,SG/SF,196.85,200.02,87.72,215.9,2017
V.J. Beachem,SG/SF,198.76,203.2,87.72,208.92,2017
Justin Jackson,SF,200.66,203.84,87.72,210.18,2016
Demetrius Jackson,PG,182.88,186.06,87.91,196.85,2016
Jett Howard,SF,198.12,200.66,92.06,205.74,2023
Jason Gardner,PG,177.16,179.7,88,185.42,2003
Will Blalock,PG,180.98,184.15,88,198.12,2006
Myles Powell,PG/SG,184.15,186.69,88,200.66,2020
Brian Brown,PG/SG,189.23,191.77,88,200.66,2002
Pepe Sanchez,PG,190.5,193.04,88,191.77,2000
Ron Lewis,SG,187.96,194.31,88,199.39,2007
Isaiah Cousins,PG,191.14,194.31,88,198.76,2016
Javaris Crittenton,PG,190.5,194.94,88,196.85,2007
Kevin Murphy,SG,195.58,198.76,88,200.02,2012
Jeryl Sasser,PG/SG,196.85,199.39,88,209.55,2001
Kevin Huerter,SG,198.76,201.3,88,201.93,2018
Tre Simmons,SG/SF,193.04,195.58,88.09,201.93,2005
Jarrett Culver,SG,196.22,200.02,88.09,207.01,2019
Marcus Thornton,SG,189.86,192.4,88.18,195.58,2009
Ayo Dosunmu,SG,191.77,195.58,88.18,208.92,2021
Ty Jerome,PG,193.68,196.85,88.18,193.04,2019
Bootsy Thornton,SG,191.77,194.31,88.22,199.39,2000
Shan Foster,SG,193.04,196.22,88.22,212.09,2008
Josh Selby,SG/PG,187.32,190.5,88.27,196.22,2011
Bruce Brown,SG/PG,191.77,195.58,88.27,205.74,2018
Marshon Brooks,SG,193.68,196.22,88.27,215.9,2011
Ben Sheppard,SG,196.22,198.76,88.27,202.56,2023
Malaki Branham,SG,193.04,196.85,88.36,208.28,2022
Charles Matthews,SG,195.58,198.76,88.36,207.01,2019
Kostas Antetokounmpo,PF,205.74,209.55,88.36,219.08,2018
Nae'Qwan Tomlin,PF,208.28,210.82,94.78,213.36,2023
Victor Wembanyama,C,223.52,226.06,94.78,243.84,2023
Noah Clowney,PF,205.74,208.24,95.24,218.44,2023
Darius Washington,PG,181.61,185.42,88.45,193.04,2006
Michael Hermon,SG/PG,189.86,192.4,88.45,198.76,2000
Miles McBride,PG,185.42,189.23,88.54,205.1,2021
Melo Trimble,PG,186.06,189.23,88.54,187.96,2017
John Gilchrist,PG,186.06,189.23,88.54,206.38,2005
Armon Johnson,PG/SG,187.96,191.14,88.54,203.2,2010
Cason Wallace,PG,189.23,191.77,88.54,204.47,2023
Dalen Terry,SG,198.12,201.3,88.54,215.26,2022
Dyson Daniels,SG,198.12,201.93,88.54,209.55,2022
Louis King,SF,200.02,203.2,88.54,214,2019
Carsen Edwards,PG,179.7,182.88,88.72,198.76,2018
Jonny Flynn,PG,180.98,184.78,88.72,193.04,2009
Marcus Sasser,PG,186.06,188.6,88.72,200.66,2023
John Wall,PG,189.86,193.04,88.72,206.38,2010
Andrew Nembhard,PG,190.5,194.31,88.72,197.48,2022
K.J. McDaniels,SF,194.31,198.12,88.72,211.46,2014
Collin Gillespie,PG,186.69,189.86,88.81,193.04,2022
Caleb Martin,SF/SG,194.94,198.12,88.81,208.28,2018
J.P. Tokoto,SF/SG,196.22,198.76,88.81,208.28,2015
Dylan Windler,SF,198.76,201.93,88.81,208.28,2019
Dijon Thompson,SF/SG,198.76,203.2,88.81,207.64,2005
Lester Hudson,PG,182.24,185.42,88.9,205.1,2008
Cassius Winston,PG,184.15,186.69,88.9,198.12,2020
Russell Robinson,PG,184.15,186.69,88.9,203.2,2008
James Fredette,PG,184.78,189.23,88.9,194.31,2011
Derrick Rose,PG,186.69,189.23,88.9,203.2,2008
Larry O'Bannon,SG,190.5,193.68,88.9,198.12,2005
Nate James,SF,194.94,197.48,88.9,210.18,2001
Karim Mane,PG/SG,195.58,198.12,88.9,210.82,2020
Josh Childress,SG/SF,197.48,201.3,88.9,210.82,2004
DeAndre Daniels,SF,201.3,204.47,88.9,218.44,2014
Jevon Carter,PG,183.52,186.69,88.99,193.68,2018
Lonnie Walker,SG,192.4,194.31,88.99,208.92,2018
Matteo Spagnolo,PG,193.04,196.85,88.99,203.2,2022
Luke Kennard,SG/SF,194.31,196.85,88.99,196.22,2017
Dante Exum,SG,194.31,198.12,89.04,207.01,2014
TyTy Washington Jr.,SG,188.6,192.4,89.09,203.2,2022
Nate Wolters,PG,191.77,194.94,89.09,192.4,2013
Johnny Davis,PG,193.68,197.48,89.09,204.47,2022
Ty Lawson,PG,180.98,184.15,89.18,184.78,2009
MarJon Beauchamp,SG,196.22,199.39,89.18,215.26,2022
Jon Diebler,SG,196.22,199.39,89.18,198.12,2011
Terrence Ross,SG/SF,198.12,200.66,89.18,201.3,2012
Joshua Hall,SF,198.12,201.93,89.18,210.82,2020
Julian Phillips,SF,200.02,202.56,89.18,212.09,2023
Duane Washington Jr.,SG,188.6,192.4,89.27,202.56,2021
Marial Shayok,SF/PF,194.31,196.85,89.27,214,2019
Jay Williams,PG,183.52,186.06,89.36,191.77,2002
CJ McCollum,PG/SG,188.6,191.14,89.36,198.76,2013
Ronald Murray,SG,190.5,193.04,89.36,201.93,2002
Michael Hicks,SG,193.04,195.58,89.36,206.38,2001
Hamidou Diallo,SG,193.68,198.12,89.36,212.09,2018
Mike Williams,SF,196.85,199.39,89.36,212.09,2004
Preston Shumpert,SF,198.12,200.66,89.36,204.47,2002
Daniel Hamilton,SG/SF,198.76,203.2,89.36,205.74,2016
Anthony Randolph,PF/SF,205.74,208.92,89.36,220.98,2008
Austin Reaves,SG,194.31,197.48,89.45,198.76,2021
Ricky Ledo,SG,194.94,198.12,89.45,201.3,2013
Hamidou Diallo,SG/SF,192.4,195.58,89.54,211.46,2017
Vander Blue,SG,191.77,196.22,89.54,198.12,2013
Allen Crabbe,SG,196.22,198.76,89.54,211.46,2013
Dan Langhi,SF,205.74,208.28,89.58,203.2,2000
Andrew Goudelock,PG,186.06,189.86,89.63,193.68,2011
Jarrett Jack,PG,189.23,191.77,89.63,201.93,2005
Otto Porter,SF,201.93,204.47,89.63,217.17,2013
Jalen Pickett,PG,187.96,190.5,89.72,201.3,2023
Kevin McCullar,SF,200.66,203.2,96.15,205.74,2023
Daniel Horton,PG/SG,184.15,188.6,89.81,200.66,2006
DeMarcus Nelson,PG/SG,185.42,188.6,89.81,208.28,2008
Nick Johnson,SG,186.69,190.5,89.81,201.3,2014
Jerian Grant,PG,191.14,193.68,89.81,201.93,2015
Ricky Minard,PG/SG,191.14,193.68,89.81,200.66,2004
Grayson Allen,SG,190.5,194.31,89.81,201.3,2018
Jeremy Hunt,SG,187.96,194.94,89.81,203.84,2007
Allonzo Trier,SG,192.4,196.22,89.81,200.02,2018
Shaedon Sharpe,SG,193.68,196.22,89.81,212.09,2022
Luke Recker,SG/SF,194.94,197.48,89.81,200.66,2002
Marquis Daniels,SG/PG,196.22,198.76,89.81,208.28,2003
Mike Smith,SF,199.39,201.93,89.81,204.47,2000
Adam Morrison,SF,199.39,202.56,89.81,208.28,2006
Marko Tomas,SG/PG,199.39,202.56,89.81,200.66,2004
Rasual Butler,SF,200.02,202.56,89.81,213.36,2002
James Moore,PF/SF,199.39,203.2,89.81,214.63,2004
Malcolm Lee,SG,193.04,196.85,89.9,207.64,2011
Melvin Frazier,SF/SG,194.31,198.12,89.9,217.8,2018
Tony Snell,SF/SG,198.12,201.3,89.9,212.09,2013
Jalen Brunson,PG,185.42,188.6,89.99,193.04,2018
Kendall Marshall,PG,191.14,193.68,89.99,196.85,2012
Jordan Crawford,SG,190.5,194.31,89.99,200.66,2010
Andre Jackson Jr.,SF,196.85,199.39,89.99,207.64,2023
Deron Washington,SF,196.22,198.76,90.04,205.74,2008
Zhaire Smith,SF/SG,189.86,193.04,90.08,207.64,2018
Rashad Vaughn,SG,192.4,195.58,90.08,200.66,2015
CJ Elleby,SG/SF,196.85,198.63,90.08,201.3,2020
Khyri Thomas,SG,189.23,192.4,90.17,209.55,2018
Tony Carr,PG,190.5,194.31,90.17,203.84,2018
Bobi Klintman,PF,208.28,210.82,102.04,213.36,2023
Jameer Nelson,PG,180.34,184.15,90.26,189.23,2004
Jamaal Tinsley,PG,184.78,187.32,90.26,201.93,2001
Gilbert Arenas,SG,188.6,191.14,90.26,207.01,2001
Beno Udrih,PG,189.23,192.4,90.26,194.31,2004
Reggie Williams,SG,191.14,193.04,90.26,206.38,2008
Jrue Holiday,PG/SG,191.14,193.68,90.26,200.66,2009
Robert Vaden,SG,191.77,194.31,90.26,203.2,2008
DJ Strawberry,SG,192.4,195.58,90.26,199.39,2007
Kareem Rush,SG/SF,194.94,197.48,90.26,207.64,2002
Jeff Newton,PF,203.2,205.74,90.26,215.9,2003
Chris McCullough,PF,203.84,205.74,90.26,221.62,2015
Colby Jones,SG,194.31,196.85,90.36,203.2,2023
Carsen Edwards,PG,179.7,183.52,90.45,198.12,2019
Raymond Felton,PG,181.61,183.52,90.45,193.68,2005
Michael Frazier II,SG,192.4,193.68,90.45,203.2,2015
Doron Lamb,SG/PG,191.14,194.94,90.45,200.02,2012
Tim Hardaway Jr.,SG,194.31,198.76,90.45,200.66,2013
Jacob Evans,SG/SF,193.68,196.85,90.54,206.38,2018
Malachi Richardson,SG/SF,194.94,198.76,90.54,213.36,2016
Reggie Bullock,SG/SF,197.48,200.66,90.63,205.1,2013
Khalid El-Amin,PG,175.26,177.8,90.72,186.69,2000
Charlie Bell,PG,189.23,191.77,90.72,201.93,2001
Johnny Hemsley,SG/SF,189.86,192.4,90.72,203.2,2000
Tito Maddox,PG,190.5,193.04,90.72,195.58,2002
O.J. Mayo,SG/PG,191.14,193.68,90.72,198.12,2008
Omar Thomas,SF/SG,191.14,194.31,90.72,203.2,2005
Craig Dawson,SG/SF,191.77,194.31,90.72,198.76,2002
Kenny Gregory,SF,191.77,194.31,90.72,211.46,2001
Bernard King,SG/PG,192.4,194.94,90.72,196.85,2003
Travis Hansen,SG,194.31,196.85,90.72,199.39,2003
Brian Bowen II,SF,198.76,201.93,90.72,208.28,2019
Troy Ostler,PF/SF,205.1,207.64,90.72,217.17,2001
Brandan Wright,PF,205.1,208.28,90.72,222.88,2007
Tommy Smith,PF/SF,205.74,208.28,90.72,219.71,2003
Tyus Battle,SG,195.58,200.02,90.81,205.74,2018
Kenrich Williams,SF,198.12,201.93,90.9,201.3,2018
Donte DiVincenzo,SG,191.77,194.31,90.99,198.12,2018
Mojave King,SG,192.4,194.94,90.99,203.2,2023
PJ Dozier,SG,196.22,200.02,90.99,210.82,2017
Tomas Satoransky,PG/SG,199.39,201.93,90.99,201.3,2012
Ty-Shon Alexander,SG,187.96,193.04,91.08,203.2,2020
James Ennis,SF,197.48,200.66,91.08,212.09,2013
Justin Jackson (UNC),SF,200.66,203.84,91.08,210.82,2017
Dereck Lively Jr.,C,215.9,218.44,104.31,231.14,2023
Stanley Burrell,PG,186.69,189.23,91.17,198.76,2008
Willie Green,SG/PG,189.23,191.77,91.17,201.3,2003
Brandon Paul,SG,189.86,193.04,91.17,208.92,2013
Rashad McCants,SG,189.86,193.04,91.17,210.18,2005
C.J. Wilcox,SG,191.77,195.58,91.17,207.64,2014
Carl English,SG/PG,193.04,195.58,91.17,196.22,2003
Nick George,SF/SG,193.04,197.48,91.17,208.28,2006
Brad Newley,SG,195.58,199.39,91.17,203.2,2007
Trevor Ariza,SG/SF,200.66,203.84,91.17,218.44,2004
Kendall Brown,SF,198.76,201.93,91.26,210.82,2022
Michael Qualls,SG/SF,193.04,195.58,91.35,214,2015
Frank Jackson,PG,187.96,191.77,91.44,201.93,2017
Cassius Stanley,SG,195.58,198.63,91.44,200.66,2020
Wade Baldwin IV,PG,189.23,193.04,91.53,211.46,2016
Bradley Beal,SG,191.14,194.94,91.53,203.2,2012
Jabari Brown,SG,190.5,193.68,91.58,203.84,2014
Brice Sensabaugh,SF,195.58,198.12,106.58,210.82,2023
Luis Flores,PG/SG,184.15,187.32,91.63,201.93,2004
Jaden Springer,SG,190.5,193.68,91.63,202.56,2021
Ryan Carroll,SF/SG,193.04,195.58,91.63,203.84,2001
Marcus Moore,PG/SG,193.04,196.22,91.63,205.74,2004
Viktor Keyru,SG/PG,196.22,198.12,91.63,206.38,2006
Josh Howard,SF/SG,196.22,198.76,91.63,218.44,2003
Vincent Yarbrough,SF,196.85,199.39,91.63,214.63,2002
Brian Bowen,SG/SF,198.76,201.93,91.63,208.92,2018
Ron Hale,SG/SF,201.93,204.47,91.63,210.82,2000
Damone Brown,SF,203.84,206.38,91.63,212.72,2001
DeAndre Liggins,SF/SG,195.58,198.76,91.72,210.82,2011
Julius Hodge,SG/SF,198.12,200.66,91.72,214.63,2005
Davion Mitchell,PG,182.88,186.06,91.81,193.68,2021
J'Covan Brown,PG,185.42,188.6,91.81,196.22,2012
Deron Williams,PG,187.32,189.86,91.81,198.76,2005
Jaylen Nowell,SG,191.14,193.68,91.81,201.3,2019
Wayne Ellington,SG,193.68,196.22,91.81,199.39,2009
Peter Jok,SG/SF,193.68,197.48,91.81,203.2,2017
Terrico White,SG/PG,192.4,195.58,91.9,205.74,2010
Carrick Felix,SF/SG,194.94,198.76,91.9,206.38,2013
Antoine Wright,SF/SG,196.22,198.76,91.9,205.1,2005
David Johnson,SG,191.14,194.94,91.99,209.55,2021
Austin Rivers,SG/PG,191.77,195.58,91.99,201.3,2012
Kelly Oubre,SF/SG,197.48,200.02,91.99,219.08,2015
James Nnaji,C,210.82,213.36,113.38,226.06,2023
Damon Hancock,SG/PG,189.86,192.4,92.08,198.12,2002
Maurice Ager,SG/PG,191.14,194.31,92.08,202.56,2006
Trent Forrest,PG,191.77,194.82,92.08,201.93,2020
Richard Roby,SG/SF,193.68,196.85,92.08,207.64,2008
Daequan Cook,SG,190.5,197.48,92.08,203.84,2007
Tamar Slay,SF,200.02,202.56,92.08,212.09,2002
Kessler Edwards,PF,200.66,203.2,92.08,211.46,2021
JT Thor,PF,204.47,206.38,92.08,221.62,2021
Keith Langford,SG/SF,188.6,191.77,92.17,205.74,2005
Tony Wroten,PG,194.94,198.12,92.17,205.74,2012
O'Shae Brissett,SF/PF,200.66,203.2,92.17,213.36,2019
Peyton Watson,SF,200.02,203.2,92.26,214.63,2022
Josh Hart,SG,193.04,196.85,92.35,204.47,2016
David Duke Jr.,SG,193.68,196.85,92.35,205.1,2021
Kentavious Caldwell-Pope,SG,194.31,196.85,92.35,203.2,2013
Darington Hobson,SG/SF,196.22,199.39,92.35,206.38,2010
Brandin Podziemski,SG,192.4,194.94,92.44,196.85,2023
Nickeil Alexander-Walker,SG,193.68,196.85,92.44,207.01,2019
Allan Ray,SG,185.42,188.6,92.53,204.47,2006
Jerryd Bayless,PG/SG,187.32,190.5,92.53,191.77,2008
Demetri McCamey,PG,187.32,191.14,92.53,198.76,2011
Romain Sato,SG,187.96,191.14,92.53,210.82,2004
Danilo Pinnock,PG/SG,189.86,193.04,92.53,201.93,2006
Skylar Mays,SG,190.5,193.04,92.53,198.12,2020
Coby Karl,SG/PG,190.5,194.94,92.53,210.82,2007
Malik Hairston,SG,193.68,196.22,92.53,205.74,2008
Rodney Carney,SG/SF,194.31,197.48,92.53,208.28,2006
Jordan Walsh,SF,197.48,200.02,92.53,217.8,2023
Gradey Dick,SG,198.76,201.3,92.53,205.1,2023
Pat Calathes,SF/PF,205.1,207.64,92.53,207.64,2008
Jaylen Clark,SG,193.04,195.58,92.62,205.74,2023
Gary Trent,SG,193.68,197.48,92.62,205.1,2018
Bennedict Mathurin,SG,194.31,198.12,92.8,205.74,2022
Terance Mann,SG/SF,194.94,199.39,92.8,202.56,2019
Scotty Hopson,SG,197.48,199.39,92.8,209.55,2011
Michael Gbinije,SG,196.85,200.02,92.8,201.93,2016
Gary Harris,SG,189.23,194.31,92.9,200.02,2014
Joe Wieskamp,SF,197.48,201.3,92.9,210.82,2021
Spencer Dinwiddie,PG,194.31,198.12,92.94,203.84,2014
Kris Dunn,PG,190.5,193.68,92.97,207.01,2016
Marcus Sasser,PG,187.96,190.5,88.44,200.66,2022
Jaden Ivey,PG,193,195.54,88.44,205.74,2022
Mike Miles Jr.,PG,184.78,187.32,92.99,184.15,2023
Travis Leslie,SG,190.5,193.68,92.99,209.55,2011
Michel Morandais,SG/SF,192.4,194.94,92.99,212.09,2004
Eric Coley,SG/SF,193.04,195.58,92.99,210.82,2000
Quentin Grimes,SG,193.04,196.22,92.99,203.2,2021
Trenton Hassell,SG/SF,193.68,196.22,92.99,203.2,2001
Lavor Postell,SG,194.31,196.85,92.99,204.47,2000
Kahlil Whitney,SF,196.85,200.66,92.99,214,2020
LaVell Blanchard,SF,198.12,200.66,92.99,198.12,2003
Kris Wilkes,SF,199.39,201.93,92.99,208.92,2018
Aerick Sanders,PF,199.39,201.93,92.99,212.09,2004
Justin Doellman,PF,203.2,207.01,92.99,205.1,2007
Damyean Dotson,SG/SF,194.31,196.85,93.08,205.74,2017
Thanasis Antetokounmpo,SF,196.22,198.76,93.08,213.36,2014
Cameron Johnson,SG,200.66,204.47,93.08,208.28,2019
Justin Love,PG/SG,186.69,189.23,93.21,194.31,2000
Miye Oni,SG,193.68,197.48,93.26,210.18,2019
Klay Thompson,SG,197.48,201.3,93.26,205.74,2011
Scott Machado,PG,185.42,187.96,93.35,193.04,2012
Devin Booker,SG,194.31,197.48,93.35,203.84,2015
Andre Roberson,PF/SF,198.76,200.66,93.35,210.82,2013
Cookie Belcher,SG/PG,190.5,193.04,93.44,204.47,2001
Renaldo Balkman,SF/PF,196.22,199.39,93.44,215.9,2006
Nick Young,SG/SF,195.58,200.02,93.44,213.36,2007
Bryant Matthews,SF/SG,197.48,200.02,93.44,214.63,2004
Hollis Thompson,SF,200.02,203.2,93.44,207.01,2012
Trey Murphy III,SF,201.93,206.38,93.44,213.36,2021
Davon Reed,SG/SF,194.31,196.85,93.53,213.36,2017
Mike Bell,SF/PF,205.1,206.38,93.53,217.17,2005
Zach Norvell Jr.,SG,194.31,196.85,93.62,198.12,2019
Devon Hall,SG,193.68,198.12,93.62,202.56,2018
Yves Pons,PF,196.85,200.02,93.62,215.26,2021
Justin Champagnie,PF,197.48,200.02,93.62,207.01,2021
Sean Banks,SF,197.48,200.66,93.62,215.9,2005
Chase Budinger,SF/SG,198.76,200.66,93.62,200.66,2009
Herbert Jones,SF,198.12,201.3,93.62,214,2021
Wesley Johnson,SF,198.76,201.3,93.62,215.9,2010
Greg Brown III,PF,201.3,204.47,93.62,214,2021
Nerlens Noel,C,208.28,212.72,93.62,222.88,2013
Quinndary Weatherspoon,SG,190.5,193.68,93.71,205.74,2019
DeAndre Bembry,SG/SF,193.68,197.48,93.71,206.38,2016
Terrence Shannon Jr.,SF,196.85,199.39,93.71,203.84,2021
Maurice Harkless,SF,201.3,205.1,93.71,213.36,2012
Nik Stauskas,SG,196.22,199.39,93.85,202.56,2014
Jaden Hardy,SG,190.5,193.04,89.8,205.74,2022
Steve Logan,PG,177.8,180.34,93.89,182.24,2002
Tim Pickett,PG/SG,190.5,193.68,93.89,201.93,2004
DeMarcus Minor,SG,191.14,193.68,93.89,203.84,2001
Rodney Stuckey,SG/PG,192.4,194.31,93.89,201.3,2007
Matt Carroll,SG/SF,195.58,198.12,93.89,199.39,2003
Brandon Roy,SG/SF,196.22,198.76,93.89,203.2,2006
John Salmons,SF/SG,196.85,199.39,93.89,208.92,2002
Shake Milton,SG/PG,194.31,196.85,93.98,215.26,2018
Mason Jones,SG,192.4,197.36,93.98,200.66,2020
Jereme Richmond,SF,198.12,201.3,93.98,208.92,2011
Maxwell Lewis,SG,198.76,201.3,93.98,213.36,2023
DeMarre Carroll,PF/SF,198.76,202.56,93.98,208.28,2009
Brandon Clarke,SF,201.3,203.84,93.98,203.84,2019
Norvel Pelle,PF/C,207.01,209.55,93.98,219.71,2013
Jermaine Taylor,SG,191.77,194.94,94.08,205.1,2009
Jaylen Barford,PG/SG,186.06,188.6,94.17,191.77,2018
James Anderson,SF,194.94,197.48,94.17,204.47,2010
Julian Strawther,SF,197.48,200.66,94.17,207.01,2022
Cameron Reddish,SF,199.39,203.2,94.26,214.63,2019
Devin Ebanks,SF,200.66,203.84,94.26,214,2010
Jeremy Pargo,PG,184.15,186.69,94.35,195.58,2008
Curtis Stinson,SG,187.32,189.86,94.35,195.58,2006
Dwayne Mitchell,SG/SF,187.96,191.14,94.35,199.39,2006
Dustin Salisbery,SG,190.5,194.94,94.35,203.2,2007
J.R. Giddens,SG,193.04,194.94,94.35,211.46,2008
Ricky Council IV,SF,195.58,198.12,94.35,205.74,2023
Danny Green,SG/SF,196.22,199.39,94.35,208.28,2009
Bernard Robinson,SG/SF,196.22,199.39,94.35,208.28,2004
Troy Brown,SF,197.48,200.02,94.35,208.92,2018
Marcus Dove,SF/PF,200.02,201.93,94.35,212.09,2008
Ekene Ibekwe,PF,203.2,205.74,94.35,228.6,2007
Chris Walker,PF,205.1,206.38,94.35,220.34,2015
Ndongo N'diaye,C,212.09,214.63,94.35,222.25,2000
Bol Bol,C,215.26,219.71,94.35,231.14,2019
Rodney Hood,SF,201.3,204.47,94.44,204.47,2014
Willie Warren,SG/PG,189.23,192.4,94.53,198.12,2010
Vince Hunter,PF,200.02,201.93,94.53,210.82,2015
Darius Bazley,PF,202.56,205.74,94.53,213.36,2019
Johnny Juzang,SG,196.22,199.39,94.62,210.82,2022
Robert Covington,SF/PF,198.76,201.93,94.62,217.8,2013
Jake Layman,SF,203.2,206.38,94.62,206.38,2016
Brice Johnson,PF,205.74,209.55,94.62,214.63,2016
Dez Wells,SG,190.5,193.04,94.71,207.01,2015
Jordan Adams,SG,191.77,194.94,94.71,208.28,2014
Mikhail Torrance,PG,193.04,195.58,94.71,201.93,2010
Julian Strawther,SF,198.12,200.66,94.71,206.38,2023
Kris Wilkes,SF,198.76,202.56,94.71,210.18,2019
Ersan Ilyasova,SF,202.56,205.74,94.71,216.54,2005
Khem Birch,PF,201.93,206.38,94.71,215.9,2014
Fanbo Zeng,SF/PF,210.82,213.36,90.25,209.55,2022
Josh Minnott,PF,203.2,205.74,92.97,212.725,2022
Chet Holmgren,PF,215.9,218.44,93.88,228.6,2022
Shelvin Mack,PG,185.42,189.23,94.8,201.93,2011
Alondes Williams,SG,192.4,195.58,94.8,200.66,2022
Blake Schilb,PG/SG,196.22,198.76,94.8,205.1,2006
Terrance Roberson,SF,196.85,199.39,94.8,203.2,2000
Johnny Juzang,SG,196.85,200.66,94.8,209.55,2021
Ronald Dupree,SF/SG,198.12,200.66,94.8,203.84,2003
Brandon Bowman,SF,200.02,203.84,94.8,212.09,2006
James Hughes,C,205.74,210.18,94.8,220.98,2007
Lee Scruggs,PF/SF,208.92,211.46,94.8,227.96,2001
Josh Hart,SG/SF,192.4,195.58,94.89,203.84,2017
Jalen Williams,SG,194.31,197.48,94.89,219.08,2022
Aaron Harrison,SG,194.31,198.12,94.89,203.84,2015
Terran Petteway,SG,194.94,198.12,94.89,211.46,2015
Christian Braun,SG,196.85,200.66,94.89,199.39,2022
Joe Ingles,SF,202.56,203.84,94.89,208.92,2009
CJ Leslie,PF/SF,201.93,205.1,94.89,219.08,2013
Cleanthony Early,SF,198.12,201.3,94.98,210.18,2014
Quentin Grimes,SG,193.04,196.22,95.07,202.56,2019
Aaron Henry,SF,194.31,198.12,95.07,210.18,2021
Jalen Johnson,PF,202.56,206.38,95.07,214,2021
KZ Okpala,SF,201.3,207.01,95.07,217.8,2019
Elgin Cook,SF,195.58,198.76,95.16,208.28,2016
Jared Rhoden,SG/SF,195.58,198.12,95.24,210.82,2022
Tyrese Martin,SG/SF,198.12,200.66,97.51,203.2,2022
Keegan Murray,PF,203,205.54,97.51,210.82,2022
Rickey Paulding,SG,189.86,193.04,95.25,207.01,2004
Bryce Taylor,SG,189.86,193.68,95.25,205.74,2008
Isaiah Whitehead,PG/SG,191.14,194.31,95.25,205.1,2016
Ebi Ere,SG,191.77,194.31,95.25,209.55,2003
Eddie Basden,SG/SF,193.68,196.85,95.25,208.92,2005
Sylven Landesberg,SG,194.94,198.76,95.25,205.74,2010
Anthony Black,PG,197.48,200.02,95.25,201.93,2023
Thaddeus Young,SF,197.48,201.93,95.25,212.09,2007
Marko Jaric,SG/SF,199.39,201.93,95.25,205.74,2000
Herve Lamizana,SF/PF,201.93,204.47,95.25,217.17,2004
Frank Elegar,PF,201.3,205.1,95.25,221.62,2008
Mohamed Abukar,SF,203.2,207.64,95.25,205.74,2007
Xavier Henry,SG,196.22,199.39,95.35,211.46,2010
Jarvis Varnado,PF/C,203.84,208.28,95.35,222.25,2010
Denzel Valentine,SG/SF,193.04,197.48,95.44,210.18,2016
Will Clyburn,SF/SG,197.48,200.66,95.44,214,2013
Jontay Porter,PF,207.64,210.82,95.44,213.36,2019
Moses Moody,SG,194.31,198.12,95.53,215.26,2021
Josh Okogie,SG,190.5,194.31,95.62,213.36,2018
Dionte Christmas,SG,193.68,196.85,95.62,205.74,2009
Glen Rice,SF/SG,194.31,197.48,95.62,206.38,2013
Greivis Vasquez,PG/SG,195.58,199.39,95.62,200.66,2010
Rondae Hollis-Jefferson,SF,196.85,200.66,95.62,218.44,2015
Elvin Mims,SF/SG,193.68,196.22,95.71,217.17,2002
Travis Robinson,SF,196.22,198.76,95.71,209.55,2002
Bobby Jones,SF/SG,197.48,200.02,95.71,207.01,2006
Anthony Brown,SF/SG,197.48,201.3,95.71,210.82,2015
Kyle Korver,SF,198.76,201.3,95.71,207.01,2003
Demetris Nichols,SF,198.12,201.93,95.71,214,2007
Gordon Hayward,SF,200.02,203.2,95.71,202.56,2010
Julian Wright,SF/PF,199.39,204.47,95.71,219.08,2007
Justin Williams,C/PF,201.3,205.1,95.71,217.17,2006
Leonard Miller,SF,204.47,208.28,95.71,218.44,2022
Marcus Lee,PF/C,205.74,208.92,95.71,220.98,2016
Michael Porter,SF/PF,207.01,210.18,95.71,214,2018
Souleymane Camara,PF/SF,207.64,210.18,95.71,219.08,2003
DeMar DeRozan,SG/SF,196.85,199.39,95.8,205.74,2009
Theo Pinson,SG/SF,195.58,200.02,95.8,210.18,2018
Omri Casspi,SF,202.56,206.38,95.8,206.38,2009
Donovan Mitchell,SG,186.06,190.5,95.89,208.28,2017
Jodie Meeks,SG,190.5,193.04,95.89,194.31,2009
Brandon Rush,SG/SF,195.58,199.39,95.89,211.46,2005
Glenn Robinson III,SF,196.85,200.02,95.89,208.28,2014
Nate Johnson,SF,199.39,201.93,95.93,204.47,2000
Sindarius Thornwell,SG/SF,191.77,194.94,95.98,208.28,2017
Kevin Hervey,PF,199.39,202.56,95.98,222.25,2018
Sviatoslav Mykhailiuk,SG/SF,199.39,202.56,95.98,194.94,2018
Ousmane Dieng,SF,205.74,208.28,99.77,213.36,2022
Frank Williams,PG,186.69,189.23,96.16,203.2,2002
Darius Johnson-Odom,SG,186.69,190.5,96.16,200.66,2012
Randy Foye,SG/PG,188.6,191.14,96.16,198.76,2006
John Jenkins,SG,191.14,193.68,96.16,204.47,2012
Dwyane Wade,SG/SF,192.4,194.94,96.16,210.18,2003
David Graves,SG,194.31,196.85,96.16,200.66,2002
Predrag Savovic,SG,194.94,197.48,96.16,200.66,2002
Tyler Smith,SF,196.22,198.12,96.16,207.64,2009
Luke Jackson,SF/SG,198.12,200.66,96.16,204.47,2004
Yue Sun,SF,202.56,205.1,96.16,205.74,2007
Avis Wyatt,PF,205.1,207.01,96.16,215.9,2007
Britton Johnsen,SF/PF,208.28,210.82,96.16,210.18,2003
Ron Baker,SG,191.14,193.68,96.34,207.64,2016
Buddy Hield,SG,192.4,195.58,96.34,206.38,2016
Julian Champagnie,SF,198.76,202.56,96.34,208.28,2022
Olivier-Maxence Prosper,PF,200.02,202.56,96.34,215.9,2023
Longar Longar,C,205.74,208.28,96.39,216.54,2008
Kevin Porter Jr.,SG,193.04,196.85,96.43,205.74,2019
Dorian Finney-Smith,SF,199.39,202.56,96.43,212.72,2016
Jalen Hoard,PF,201.3,205.74,96.43,215.26,2019
Kevin Knox,SF,202.56,205.74,96.43,212.72,2018
Mouhamed Gueye,C,208.92,211.46,96.43,221.62,2023
Aminu Mohammed,SG/SF,191.77,195.58,96.52,210.82,2022
Tyler Bey,PF,198.12,200.66,96.52,216.54,2020
Jeff Taylor,SF/SG,198.12,201.3,96.52,198.76,2012
Sharrod Ford,PF,201.3,203.84,96.52,217.17,2005
Kris Murray,PF,202.56,205.1,96.52,212.72,2023
Leonard Miller,PF,206.38,208.92,96.52,218.44,2023
Joe Crawford,SG,190.5,193.04,96.62,197.48,2008
Keith Bogans,SG,193.68,196.22,96.62,206.38,2003
Byron Mouton,SG/SF,194.31,196.85,96.62,208.92,2002
Jason Richardson,SF/SG,194.94,197.48,96.62,212.09,2001
Davon Jefferson,SF,196.22,199.39,96.62,207.01,2008
Sean Lampley,SF,196.85,199.39,96.62,206.38,2001
Stephane Lasme,PF,195.58,200.66,96.62,218.44,2007
Qyntel Woods,SF/SG,200.66,203.2,96.62,208.28,2002
Victor Oladipo,SG,191.14,193.68,96.71,206.38,2013
Andrew Harrison,PG,194.31,196.85,96.71,205.74,2015
Terrence Williams,SG/SF,195.58,198.76,96.71,205.74,2009
Jamel Artis,SG/SF,196.85,200.02,96.71,208.28,2017
Kenyon Martin Jr.,SF/PF,198.12,200.66,96.71,201.3,2020
Stanley Robinson,SF,199.39,202.56,96.71,213.36,2010
James Young,SG,196.22,200.02,96.75,213.36,2014
Jaron Blossomgame,SF,198.76,201.3,96.89,208.28,2016
Taylor Hendricks,PF,203.84,206.38,96.89,214.63,2023
Evan Turner,SG,197.48,200.66,96.98,203.2,2010
Jabari Walker,PF,200.02,203.2,96.98,210.18,2022
Ismael Kamagate,PF,210.82,213.36,99.77,220.98,2022
Tony Allen,SG,191.77,193.68,97.07,205.74,2004
Josh Green,SG/SF,194.31,196.85,97.07,207.64,2020
Desmon Farmer,SG,194.31,197.48,97.07,204.47,2004
Dahntay Jones,SG/SF,194.94,197.48,97.07,205.74,2003
Michael Redd,SG/SF,194.94,197.48,97.07,205.74,2000
Morris Almond,SG/SF,194.94,198.12,97.07,208.28,2006
Lenny Cooke,SG/SF,196.85,199.39,97.07,215.9,2002
Chris Porter,SF/PF,196.85,199.39,97.07,207.01,2000
George Williams,PF/SF,197.48,200.02,97.07,214.63,2002
Blake Schilb,SG,195.58,200.66,97.07,205.74,2007
Jerami Grant,SF,199.39,202.56,97.07,220.34,2014
Isaiah Roby,PF,201.3,204.47,97.07,215.9,2019
Deng Gai,PF/C,202.56,206.38,97.07,224.79,2005
Calvin Bowman,PF,205.1,207.64,97.07,212.09,2001
Amen Thompson,SG,197.48,200.02,97.16,213.36,2023
Seth Lundy,SF,193.04,195.58,97.25,208.92,2023
Ochai Agbaji,SG,194.31,196.85,97.25,208.28,2021
Paul George,SF,202.56,205.1,97.25,211.46,2010
GG Jackson,PF,203.84,206.38,97.25,212.09,2023
Jarrod Uthoff,PF,204.47,207.64,97.25,212.09,2016
Taj Gibson,PF,204.47,207.64,97.25,223.52,2009
William Buford,SG/SF,193.04,195.58,97.34,207.01,2012
Gerald Henderson,SG/SF,193.04,195.58,97.34,208.92,2009
Josh Christopher,SG,191.14,194.31,97.43,206.38,2021
Jabari Smith,PF,210.82,213.36,99.77,215.9,2022
AJ Griffin,SF,198.12,200.66,100.68,212.09,2022
Jalen Wilson,SF/PF,198.12,200.66,102.04,203.2,2022
Marcus Williams,PG,187.96,191.14,97.52,200.66,2006
Greg Stevenson,SF,192.4,194.94,97.52,214.63,2001
Pat Connaughton,SG,193.04,196.22,97.52,203.2,2015
Joe Harris,SG,194.94,198.76,97.52,198.12,2014
Kris Joseph,SG,198.12,200.66,97.52,210.82,2012
Jason Kapono,SG/SF,199.39,201.93,97.52,199.39,2003
Quinton Hosley,SF/SG,195.58,202.56,97.52,211.46,2007
Hakim Warrick,PF/SF,201.3,204.47,97.52,218.44,2005
TJ Cummings,SF,201.93,205.1,97.52,207.01,2004
Tyler Lydon,PF,203.84,207.01,97.52,213.36,2017
Brian Montonati,PF,205.1,207.64,97.52,209.55,2000
Kevin Durant,SF/PF,205.74,208.92,97.52,225.42,2007
Norman Powell,SG,190.5,193.68,97.7,210.18,2015
Ray Spalding,PF,205.74,208.92,97.7,225.42,2018
DaQuan Jeffries,SF/PF,193.04,195.58,97.79,211.46,2019
Skal Labissiere,PF/C,209.55,212.72,97.89,219.71,2016
Romeo Langford,SG,194.31,198.12,97.96,210.82,2019
Andre Emmett,SG/SF,191.77,194.31,97.98,205.74,2004
Dominique Jones,SG,191.14,195.58,97.98,206.38,2010
Trey Johnson,SG,190.5,197.48,97.98,195.58,2007
Dan Grunfeld,SF/SG,194.94,198.12,97.98,198.76,2006
Al-Farouq Aminu,SF,201.3,204.47,97.98,221.62,2010
Darrell Arthur,PF,201.93,204.47,97.98,210.18,2008
Kei Madison,SF,202.56,205.1,97.98,214.63,2002
Steve Novak,SF,203.2,206.38,97.98,207.01,2006
Rick Anderson,SF/PF,203.84,206.38,97.98,210.82,2003
John Henson,PF,205.74,209.55,97.98,226.06,2012
Christian Wood,PF,206.38,209.55,97.98,221.62,2015
Thon Maker,PF,212.72,215.26,97.98,220.98,2016
David Lighty,SG,194.94,199.39,98.07,203.2,2011
Khris Middleton,SF,200.02,203.84,98.07,210.18,2012
Charles Jenkins,PG/SG,186.69,191.14,98.16,201.93,2011
Keldon Johnson,SG,194.94,198.12,98.16,206.38,2019
Tony Mitchell,SG,196.22,198.76,98.16,208.28,2012
Matthew Mayer,SF,203.2,206.38,98.16,209.55,2022
Jalen Hood-Schifino,PG,193.68,196.22,98.25,208.92,2023
Joey Graham,SF,196.22,199.39,98.25,203.2,2005
Alize Johnson,PF,201.3,203.2,98.25,205.1,2018
Moussa Diabate,C,206.38,208.92,98.25,219.71,2022
Nicolas Claxton,C,208.28,212.72,98.25,219.71,2019
Ochai Agbaji,SG,194.31,197.48,98.34,208.92,2022
Marcus Bagley,SF,198.12,202.56,98.34,210.82,2021
Mark Tyndale,SG/SF,189.86,191.77,98.43,210.82,2008
Justin Hamilton,PG/SG,190.5,193.04,98.43,210.82,2003
Andre Iguodala,SG/SF,197.48,200.02,98.43,210.82,2004
Antywane Robinson,SF/PF,198.76,201.93,98.43,219.71,2006
Tyrus Thomas,PF/SF,201.3,203.84,98.43,220.98,2006
Mindaugas Katelynas,SF/PF,201.93,204.47,98.43,210.82,2005
Shawn James,PF,202.56,205.74,98.43,226.06,2008
Lee Benson,SF/PF,203.84,206.38,98.43,217.8,2002
Keith Benson,C/PF,208.28,210.82,98.43,222.88,2011
Sherron Collins,PG,178.44,182.24,98.52,189.23,2010
Wendell Moore,SG,193.68,196.85,98.52,214.63,2022
Dariq Whitehead,SG,197.48,200.02,98.52,208.92,2023
Rawle Alkins,SG,189.86,193.68,98.61,205.1,2018
Julian Champagnie,SF,199.39,201.93,98.61,208.28,2021
Tari Eason,PF,200.02,203.2,98.61,218.44,2022
Sam Hauser,SF,200.02,203.2,98.61,206.38,2021
JaMychal Green,PF,203.2,205.74,98.61,219.08,2012
Nikola Djurisic,SF,200.66,203.2,98.7,203.84,2023
Troy Williams,SF,197.48,200.02,98.79,203.84,2016
Perry Ellis,PF,200.66,203.84,98.79,208.92,2016
Luke Babbitt,SF/PF,201.93,205.1,98.79,211.46,2010
Fred Jones,SG,188.6,191.14,98.88,213.36,2002
Denham Brown,SG/SF,193.04,195.58,98.88,207.01,2006
Mark Karcher,SG,193.04,195.58,98.88,203.2,2000
Kirk Penney,SG/SF,195.58,198.12,98.88,196.22,2003
Cartier Martin,SF,193.04,199.39,98.88,208.28,2007
Sammy Mejia,SG,195.58,200.66,98.88,210.82,2007
Reed Rawlings,SG/SF,198.76,201.3,98.88,206.38,2000
Doug McDermott,SF,198.76,202.56,98.88,206.38,2014
Jawad Williams,SF,200.66,203.2,98.88,216.54,2005
James Jones,SF,201.3,203.84,98.88,219.71,2003
Robbie Hummel,SF,201.3,204.47,98.88,204.47,2012
Chris Wilcox,PF/C,203.84,206.38,98.88,215.9,2002
Tate Decker,SF,206.38,208.92,98.88,212.72,2001
C.J. Fair,SF,199.39,203.2,98.93,207.01,2014
Ausar Thompson,SG,197.48,200.02,98.97,213.36,2023
Zhou Qi,PF/C,216.54,219.08,98.97,233.04,2016
Jeremy Sochan,PF,203.2,205.74,104.31,212.725,2022
Cory Jefferson,PF,202.56,205.74,99.06,214.63,2014
Melvin Ejim,SF,196.22,200.66,99.11,211.46,2014
George King,SF/SG,194.94,198.12,99.16,212.09,2018
Roger Powell,SF,194.94,198.12,99.16,212.09,2005
Jaron Blossomgame,SF,197.48,200.02,99.16,208.28,2017
Cheick Diallo,PF,201.93,205.74,99.16,224.79,2016
Sam Dekker,SF,202.56,205.74,99.16,212.09,2015
Jaxson Hayes,PF,208.92,212.09,99.16,222.25,2019
Sean Kilpatrick,SG,189.23,193.68,99.2,200.66,2014
Quincy Miller,SF,205.1,208.28,99.2,216.54,2012
Harold Arceneaux,SG/SF,194.31,196.85,99.34,204.47,2000
Jared Dudley,SF,195.58,201.3,99.34,200.66,2007
Isaiah Todd,PF,205.1,208.28,99.34,216.54,2021
Antonis Fotsis,SF,206.38,208.92,99.34,204.47,2000
Matt Haryasz,PF/C,207.64,210.82,99.34,214,2006
Chris Livingston,SF,198.12,200.66,99.43,211.46,2023
Paul Reed Jr.,PF,204.47,206.25,99.43,218.44,2020
Treveon Graham,SF,193.04,197.48,99.52,209.55,2015
Justin Jackson (UMD),SF,197.48,200.66,99.52,221.62,2017
Schea Cotton,SF,193.68,196.22,99.56,200.66,2000
Svi Mykhailiuk,SG/SF,199.39,201.93,99.61,195.58,2017
Chimezie Metu,PF/C,204.47,207.01,99.61,214.63,2018
Ivan Rabb,PF,205.1,208.28,99.61,217.17,2017
Deshaun Thomas,SF,195.58,200.66,99.7,208.28,2013
JaJuan Johnson,PF,205.74,208.28,99.7,218.44,2011
Khalifa Diop,C,210.82,213.36,104.76,220.98,2022
Bryson Williams,PF/C,203.2,205.74,108.84,219.075,2022
Darius Days,SF/PF,200.66,203.2,111.11,215.9,2022
Trayce Jackson-Davis,C,205.74,208.28,111.11,215.9,2022
Terrence Shannon Jr.,SF,196.85,199.39,99.79,203.2,2023
Doug Wrenn,SF/PF,197.48,200.02,99.79,232.41,2003
Jordan Nwora,PF,197.48,201.93,99.79,209.55,2019
Othello Hunter,PF/SF,199.39,201.93,99.79,220.98,2008
Marcus Slaughter,PF/SF,200.66,203.2,99.79,212.09,2006
Luol Deng,SF,200.66,203.2,99.79,214.63,2004
Dominic McGuire,SF,200.66,203.84,99.79,209.55,2007
Joe Alexander,SF/PF,201.3,203.84,99.79,212.09,2008
Donnell Harvey,PF,201.3,203.84,99.79,214.63,2000
James Gist,PF,200.66,204.47,99.79,223.52,2008
Andy Ellis,PF,206.38,208.92,99.79,208.92,2002
Peter Fehse,PF/C,208.28,210.82,99.79,214.63,2002
Aaron Gordon,PF,201.93,205.1,99.84,212.72,2014
Dillon Brooks,SG/SF,195.58,198.12,99.88,198.12,2017
Taurean Prince,SF,199.39,202.56,99.88,212.09,2016
T.J. Warren,SF,200.66,203.84,99.88,208.92,2014
Miles Bridges,SF,196.22,200.02,99.97,207.01,2018
Toumani Camara,PF,200.66,203.2,99.97,214.63,2023
Gary Forbes,SG,194.31,197.48,100.02,211.46,2008
Caswell Cyrus,PF,202.56,205.1,100.02,218.44,2000
Tyreke Evans,PG/SG,193.04,196.22,100.06,211.46,2009
James Southerland,SF/PF,200.66,203.2,100.06,215.9,2013
Nemanja Aleksandrov,PF/SF,208.28,213.36,100.06,210.82,2005
Ignas Brazdeikis,SF,197.48,201.3,100.15,206.38,2019
DaRon Holmes II,C,205.74,208.28,100.15,214.63,2023
Dion Waiters,SG,189.23,193.04,100.24,201.3,2012
Marcelus Kemp,SG,190.5,193.68,100.24,204.47,2008
Russell Carter,SG,190.5,194.31,100.24,204.47,2007
Maurice Evans,SG,193.68,196.22,100.24,203.2,2001
Al Thornton,SF,197.48,200.66,100.24,215.9,2007
Luc Mbah a Moute,SF,197.48,201.93,100.24,219.71,2008
Lubos Barton,SF/SG,199.39,201.93,100.24,213.36,2002
Lou Amundson,PF,201.17,203.2,100.24,212.09,2006
Josh Smith,SG/SF,200.66,203.84,100.24,213.36,2004
Donte Greene,SF/PF,203.84,205.74,100.24,208.28,2008
Marcus Haislip,PF,204.47,207.01,100.24,213.36,2002
Dominick Barlow,PF,205.1,207.64,100.24,220.98,2022
Christian Koloko,C,210.18,213.36,100.24,226.7,2022
Chandler Parsons,SF,205.1,207.64,100.33,207.01,2011
Kai Jones,PF,208.28,212.09,100.43,217.8,2021
Dwayne Bacon,SG/SF,194.94,198.76,100.52,208.28,2017
Jalen Slawson,PF,199.39,201.93,100.52,212.72,2023
Killian Tillie,PF,205.1,208.28,100.52,203.2,2020
Iman Shumpert,PG/SG,193.68,196.85,100.61,207.01,2011
Shabazz Muhammad,SF/SG,194.94,198.76,100.61,210.82,2013
Justise Winslow,SF,194.31,199.39,100.61,208.92,2015
Carlos Powell,SF/PF,196.22,200.02,100.61,210.18,2005
Arthur Kaluma,PF,198.76,201.3,100.61,214.63,2023
Anthony Davis,PF/C,206.38,209.55,100.61,227.33,2012
Jeff Withey,C,210.18,214.63,100.61,218.44,2013
Paolo Banchero,PF,208.28,210.82,113.38,214.63,2022
Eric Gordon,SG,187.96,191.14,100.7,205.74,2008
James Harden,SG,193.04,196.22,100.7,210.18,2009
Damien Wilkins,SG/SF,194.31,198.12,100.7,213.36,2004
Pete Mickeal,SG/SF,195.58,198.12,100.7,207.01,2000
Caron Butler,SF/SG,196.22,198.76,100.7,212.09,2002
Reyshawn Terry,SF,200.02,201.93,100.7,208.28,2007
Rudy Gay,SF/PF,200.66,203.2,100.7,220.98,2006
Maarty Leunen,SF,201.3,204.47,100.7,203.2,2008
Eddie Griffin,PF/SF,206.38,208.92,100.7,220.98,2001
Mamadi Diakite,PF,204.47,208.79,100.74,222.88,2020
Luguentz Dort,PG,189.86,193.68,100.79,204.47,2019
Paul Eboua,SF/PF,198.12,201.93,100.79,222.25,2020
Jimmy Butler,SF,198.12,202.56,100.79,201.93,2011
TJ Leaf,PF,205.1,207.64,100.79,210.82,2017
Isaiah Briscoe,PG,186.06,189.86,100.88,205.74,2017
Kevon Looney,PF,203.2,206.38,100.88,222.25,2015
Billy Preston,PF,205.1,209.55,100.88,218.44,2018
Larry Sanders,PF/C,206.38,209.55,100.88,227.96,2010
Ernest Brown,C,208.28,210.82,100.92,216.54,2000
Rawle Alkins,SG/SF,189.23,192.4,100.97,205.1,2017
Kyle Kuzma,SF/SG,203.2,207.01,100.97,214,2017
Nikola Jovic,SF,207.01,210.82,100.97,214,2022
Jaylen Brown,SG/SF,196.22,200.02,101.06,212.72,2016
Sam Young,SF/SG,196.22,200.02,101.06,210.18,2009
Tobias Harris,SF/PF,199.39,202.56,101.06,210.82,2011
Misan Nikagbatse,SG/PG,191.77,194.94,101.15,208.28,2004
Malcolm Brogdon,SG,192.4,196.85,101.15,209.55,2016
David Noel,SF/SG,194.31,198.12,101.15,207.01,2006
Ronnie Brewer,SG/PG,197.48,200.02,101.15,211.46,2006
Jordan Nwora,SF/PF,197.48,200.66,101.15,208.92,2020
Ryan Humphrey,PF/SF,198.12,200.66,101.15,213.36,2002
Erik Daniels,SF/PF,198.76,201.93,101.15,210.82,2004
PJ Washington,PF,199.39,203.2,101.15,219.71,2018
Richard Jefferson,SF,201.3,203.84,101.15,213.36,2001
Malcolm Thomas,PF,201.93,205.1,101.15,214.63,2011
Cedric Simmons,PF/C,203.84,207.01,101.15,224.16,2006
Matthew Nielsen,PF,205.74,208.28,101.15,209.55,2000
Marcus Douthit,C/PF,207.01,210.82,101.15,223.52,2004
Joakim Noah,PF,208.28,213.36,101.15,216.54,2007
Alan Anderson,SG/SF,194.31,198.12,101.24,207.01,2005
Jon Leuer,PF,208.28,212.09,101.24,213.36,2011
Grant Nelson,PF,208.28,210.82,101.33,213.36,2023
Tristan Vukcevic,C,211.46,214,101.33,219.71,2023
Jordan Bell,PF,200.66,204.47,101.42,212.72,2017
Trevor Keels,SG,191.14,194.94,101.51,201.3,2022
Orlando Johnson,SG,192.4,196.22,101.51,211.46,2012
Sidy Cissoko,SF,196.85,199.39,101.51,207.64,2023
Corey Kispert,SF,198.12,201.3,101.51,200.66,2021
Quincy Acy,PF,199.39,202.56,101.51,220.34,2012
Keita Bates-Diop,SG/SF,201.3,204.47,101.51,221.62,2018
Rashad Anderson,SG,191.14,194.31,101.6,200.66,2006
Joe Shipp,SG,193.04,195.58,101.6,208.28,2003
Joah Tucker,SF/SG,192.4,196.22,101.6,199.39,2006
Mardy Collins,PG/SG,193.68,196.85,101.6,208.28,2006
Patrick Ewing Jr.,SF/PF,198.12,201.3,101.6,214,2008
Solomon Jones,PF/C,204.47,207.64,101.6,225.42,2006
Steven Hunter,C/PF,208.92,211.46,101.6,223.52,2001
Tyson Chandler,SF/PF,212.09,214.63,101.6,220.98,2001
Karim Shabazz,C,212.09,214.63,101.6,220.98,2000
Nassir Little,SF,194.31,198.12,101.7,216.54,2019
Joel Bolomboy,PF,201.93,205.74,101.79,217.8,2016
Coleman Hawkins,PF,204.47,207.01,101.79,214,2023
Kenneth Faried,PF,198.12,201.93,101.88,213.36,2011
Derrick Brown,SF/PF,201.93,204.47,101.88,219.71,2009
Jalen Smith,PF/C,206.38,208.79,101.88,219.08,2020
Jalen Duren,C,208.28,210.82,113.38,226.06,2022
Kenneth Lofton Jr.,PF/C,201,203.54,124.72,210.82,2022
Jalen Green,SG,193.04,195.58,80.73,201.93,2021
Sharife Cooper,PG,185.42,187.96,81.63,191.77,2021
Isaiah Jackson,C,205.74,208.28,92.97,219.075,2021
Randy Holcomb,SF/PF,200.66,203.2,102.06,215.9,2002
Chris Bosh,PF,208.92,211.46,102.06,222.25,2003
John Collins,PF,203.84,207.01,102.15,211.46,2017
Marcin Gortat,PF/C,210.82,213.36,102.15,222.25,2005
Scottie Barnes,SF,200.66,203.2,102.24,220.34,2021
Danny Granger,SF/SG,201.93,204.47,102.24,217.17,2005
Roko Prkacin,PF,201.93,206.38,102.24,210.82,2021
Quan Prowell,SF/PF,200.02,202.56,102.29,209.55,2008
Daishen Nix,PG,190.5,193.68,102.33,200.02,2021
Mohamed Bamba,C,211.46,215.26,102.33,238.76,2018
Lazar Hayward,SG/SF,194.31,197.48,102.42,215.26,2010
Moses Wright,PF,202.56,205.74,102.42,215.26,2021
Neemias Queta,C,210.18,214,102.42,224.16,2019
Lamar Patterson,SG,193.04,196.22,102.51,210.82,2014
Solomon Hill,SF,196.85,200.66,102.51,205.74,2013
Matt Barnes,SF,200.02,202.56,102.51,205.74,2002
Joe Johnson,SF/SG,200.02,202.56,102.51,205.74,2001
David West,PF/SF,203.84,206.38,102.51,224.16,2003
Sylvere Bryan,PF,205.74,208.28,102.51,224.79,2002
Ivan Radenovic,PF,205.74,210.18,102.51,212.72,2007
Jackson Vroman,PF/C,206.38,210.18,102.51,213.36,2004
Jiri Hubalek,C/PF,207.01,210.82,102.51,210.18,2008
Jaime Jaquez Jr.,SF,198.12,200.66,102.69,207.01,2023
Yoeli Childs,PF,198.12,200.66,102.69,212.09,2020
Damion James,SF,198.76,202.56,102.78,215.26,2010
Larry Nance,PF,201.93,204.47,102.78,217.17,2015
Pascal Siakam,PF,203.84,207.01,102.78,221.62,2016
Ed Davis,PF,205.74,207.64,102.78,213.36,2010
Hassan Whiteside,C/PF,209.55,212.09,102.78,231.14,2010
Lance Stephenson,SG,194.31,197.48,102.97,209.55,2010
Curtis Withers,PF/SF,198.12,199.39,102.97,208.28,2006
J.R. Smith,SG/SF,196.85,200.02,102.97,208.28,2004
Curtis Sumpter,SF,198.12,202.56,102.97,207.01,2007
James Mays,PF,200.02,202.56,102.97,217.8,2008
A.J. Granger,SF,201.93,204.47,102.97,207.01,2000
Shawne Williams,SF/PF,201.3,205.1,102.97,220.98,2006
Josh Powell,PF/SF,203.2,205.74,102.97,215.9,2003
James Augustine,PF,203.84,207.64,102.97,214,2006
Drew Gooden,PF,205.1,207.64,102.97,214.63,2002
Michael Bradley,PF,207.01,209.55,102.97,217.17,2001
Lazaros Papadopoulos,C/PF,208.92,211.46,102.97,219.71,2001
Ken Johnson,C,210.18,212.72,102.97,223.52,2001
Cam Thomas,SG,190.5,193.04,95.24,199.39,2021
Marcus Smart,PG,187.96,191.14,103.06,206.38,2014
Jake LaRavia,PF,200.02,203.2,103.06,207.01,2022
Simisola Shittu,PF,204.47,207.01,103.06,216.54,2019
Luka Samanic,PF,207.01,210.82,103.06,209.55,2019
Kawhi Leonard,SF,198.12,200.66,103.15,220.98,2011
Dante Cunningham,PF,200.66,203.84,103.15,210.82,2009
Tristan Thompson,PF,201.93,205.1,103.15,216.54,2011
James McAdoo,PF,201.93,205.1,103.24,219.08,2014
Harrison Barnes,SF/SG,200.66,203.2,103.33,211.46,2012
Martynas Andriuskevicius,C/PF,216.54,220.98,103.33,211.46,2005
Lamar Stevens,SF/PF,197.48,199.9,103.42,205.74,2020
Kirk Snyder,SG/SF,198.12,200.02,103.42,205.74,2004
Julian Sensley,PF/SF,200.66,203.2,103.42,212.09,2002
Ugonna Okyekwe,SF,201.3,203.84,103.42,220.98,2003
Brandon Ashley,PF,201.3,204.47,103.42,222.88,2015
Kyle Singler,SF,201.93,204.47,103.42,208.53,2011
Justin Harper,PF/SF,203.2,205.1,103.42,212.72,2011
Jeff Green,SF,200.66,207.01,103.42,216.54,2007
Damon Reed,PF/C,204.47,207.01,103.42,207.01,2000
Muhammed Lasege,C/PF,205.1,207.64,103.42,218.44,2002
Kimani Ffriend,C/PF,207.01,209.55,103.42,210.18,2001
Ryan Kelly,PF,207.64,212.72,103.42,212.09,2013
Marvin Williams,PF/SF,200.66,203.84,103.51,222.25,2005
Jordan Hamilton,SF,200.02,204.47,103.6,207.01,2011
Earl Clark,SF/PF,204.47,208.92,103.6,219.71,2009
Ivan McFarlin,PF,196.85,200.02,103.69,205.74,2005
P.J. Hairston,SG,193.68,196.22,103.78,205.74,2014
Elijah Hughes,SF/SG,194.94,199.39,103.87,201.93,2020
Rolando Howell,PF,201.93,204.47,103.87,214.63,2004
Rich Melzer,PF/SF,201.93,205.1,103.87,218.44,2004
Shane Battier,SF/PF,203.84,206.38,103.87,209.55,2001
Sani Ibrahim,C/PF,204.47,207.01,103.87,215.9,2003
Craig Brackins,PF/SF,204.47,207.64,103.87,213.36,2010
Uche Okafor,PF/C,205.74,208.28,103.87,227.33,2002
Donald Little,PF/C,207.01,209.55,103.87,220.98,2003
Justin Patton,C,208.28,211.46,103.87,220.98,2017
Ben Bentil,PF,201.3,203.84,103.96,217.17,2016
Justin Jackson,PF,198.12,200.02,104.05,220.98,2018
David Lee,PF,202.56,205.74,104.1,213.36,2005
Martell Webster,SF,198.12,201.93,104.14,210.82,2005
Marcus Morris,PF/SF,200.66,205.1,104.14,208.28,2011
Gorgui Dieng,C,207.64,210.18,104.14,222.25,2013
Brian Butch,C/PF,207.01,210.82,104.14,211.46,2008
Bernard James,PF,205.1,208.28,104.24,220.98,2012
Evan Mobley,PF,210.82,213.36,97.51,223.52,2021
Cade Cunningham,PG,198,200.54,99.77,213.995,2021
Brian Boddicker,SF/PF,201.93,205.1,104.33,208.28,2004
Josh Duncan,PF,203.2,205.74,104.33,212.09,2008
Mike Dunleavy,SF,203.2,205.74,104.33,205.74,2002
Martin Rancik,PF/SF,205.1,207.64,104.33,203.2,2001
Troy Murphy,PF,207.64,210.18,104.33,210.82,2001
Jermareo Davidson,PF,205.74,210.82,104.33,223.52,2007
Jared Jeffries,PF,208.28,210.82,104.33,214.63,2002
Lonnie Jones,C/PF,208.92,211.46,104.33,219.08,2002
Cody Zeller,C/PF,210.18,214,104.33,210.18,2013
Kyle Anderson,SF,201.93,204.47,104.37,220.34,2014
Jalen Wilson,SF,196.85,199.39,104.42,203.2,2023
Branden Dawson,PF,196.85,200.02,104.42,210.82,2015
Robert Woodard II,SF,196.85,200.66,104.42,218.44,2020
Chris Singleton,SF,202.56,205.74,104.42,215.9,2011
Charles Bassey,C,206.38,208.92,104.42,220.98,2021
Mike Muscala,C/PF,208.92,212.09,104.42,215.9,2013
Ryan Richards,PF,209.55,212.72,104.42,217.17,2010
P.J. Washington,PF,199.39,203.2,104.51,219.71,2019
Justin Anderson,SF/SG,196.22,198.76,104.6,212.72,2015
Georges Niang,PF,200.02,204.47,104.69,208.28,2016
Patrick Baldwin Jr.,SF,206.38,208.92,104.69,217.8,2022
Jonathan Kuminga,SF,200.66,203.2,102.04,211.455,2021
Gyasi Cline-Heard,PF,198.76,201.3,104.78,212.09,2001
Taj Gray,PF/SF,201.3,204.47,104.78,215.26,2006
Drago Pasalic,PF,206.38,210.18,104.78,212.09,2004
Moritz Wagner,PF,208.28,211.46,104.87,213.36,2017
Frank Kaminsky,C/PF,212.72,215.26,104.87,210.82,2015
Alec Brown,PF,214,216.54,104.87,217.17,2014
Juan Mendez,PF/SF,196.22,200.02,104.96,213.36,2005
Drew Timme,C,203.84,206.38,105.05,218.44,2022
Charles Garcia,SF,203.84,206.38,105.05,217.8,2010
Adonis Thomas,SF,194.94,197.48,105.14,215.9,2013
Isaiah Livers,SF,197.48,201.3,105.14,206.38,2021
Alec Peters,PF,201.3,205.1,105.23,210.18,2017
Pops Mensah-Bonsu,PF/C,201.93,205.74,105.23,213.36,2006
Herbert Hill,C,200.66,207.64,105.23,219.08,2007
Jerry Holman,PF,205.1,207.64,105.23,221.62,2003
Benjamin Eze,C/PF,205.1,207.64,105.23,228.6,2001
Brooks Sales,PF/C,205.74,208.28,105.23,208.28,2002
Grant Jerrett,PF,205.1,208.92,105.23,218.44,2013
Harry Giles,PF,206.38,209.55,105.23,221.62,2017
Michael Ignerski,PF/SF,207.01,209.55,105.23,210.18,2003
Makur Maker,C,208.92,211.46,105.32,217.8,2021
Zach Collins,PF/C,208.92,213.36,105.32,215.9,2017
Wayne Selden,SG,193.68,197.48,105.41,209.55,2016
Charles Hayes,SF/PF,196.85,200.02,105.41,208.28,2005
OG Anunoby,SF,198.76,202.56,105.41,219.08,2017
Matt Hurt,PF,204.47,207.01,105.41,207.01,2021
Jordan Hill,PF/C,206.38,208.92,105.41,217.17,2009
Harrison Ingram,SF,196.22,200.66,105.6,214,2022
Michael Kidd-Gilchrist,SF,197.48,201.93,105.6,213.36,2012
Dewan Hernandez,C,205.74,208.92,105.6,217.8,2019
Arnett Moultrie,PF,207.01,210.18,105.6,219.08,2012
Carmelo Anthony,SF,198.76,201.3,105.69,213.36,2003
Dedric Lawson,PF,200.66,204.47,105.69,219.08,2019
Lawrence Roberts,PF,201.93,205.74,105.69,207.01,2004
Amar'e Stoudemire,PF,204.47,207.01,105.69,217.8,2002
Martin Iti,C/PF,204.47,207.64,105.69,226.06,2004
Pape Sow,PF/C,204.47,208.28,105.69,218.44,2004
Marquese Chriss,PF,205.1,208.28,105.69,214,2016
Jason Smith,PF,210.18,212.09,105.69,210.18,2007
Tiago Splitter,C/PF,208.92,212.72,105.69,218.44,2004
Bruno Fernando,C,205.1,207.64,105.78,224.16,2018
Darius Miller,SF/SG,198.12,201.93,105.87,205.74,2012
David Lucas,PF,199.39,202.56,105.87,213.36,2005
Isaiah Hicks,PF,201.3,204.47,105.87,214.63,2017
Gani Lawal,PF,201.93,205.74,105.87,213.36,2010
Naji Marshall,SF,197.48,200.66,105.91,215.26,2020
Jarrett Allen,C,205.74,208.92,105.96,226.7,2017
Perry Jones,PF/SF,208.92,211.46,106.05,217.8,2012
Kyle Hines,SF/PF,192.4,196.22,106.14,216.54,2008
Theron Smith,PF/SF,199.39,201.93,106.14,208.92,2003
Nik Caner-Medley,SF,199.39,203.2,106.14,205.74,2006
Precious Achiuwa,PF,201.93,204.98,106.14,215.26,2020
Matt Freije,SF/PF,203.84,207.01,106.14,215.9,2004
Andrew Nicholson,PF,204.47,207.01,106.14,223.52,2012
Blagota Sekulic,SF/PF,206.38,209.55,106.14,210.82,2004
Brian Cook,PF/SF,207.01,209.55,106.14,218.44,2003
LaMarcus Aldridge,PF/C,208.28,211.46,106.14,225.42,2006
Stephen Zimmerman,C,208.92,212.72,106.14,221.62,2016
Kelly Olynyk,PF/C,210.18,213.36,106.14,207.64,2013
Tyler Hansbrough,PF,203.84,207.01,106.23,212.09,2009
D.J. Wilson,PF,205.1,209.55,106.32,220.98,2017
Dwight Powell,PF,207.01,210.82,106.32,214.63,2014
Eduardo Najera,PF/SF,199.39,201.93,106.37,212.09,2000
Azuolas Tubelis,PF,205.1,207.64,106.5,210.82,2023
Matthew Mayer,PF,205.74,208.28,102.04,209.55,2021
Cam Whitmore,SF,197.48,200.02,106.59,204.47,2023
Bobby Simmons,SF,198.76,201.3,106.59,214,2001
Rashad Jones-Jennings,PF,198.12,201.93,106.59,213.36,2007
Damone Thornton,PF,200.02,202.56,106.59,217.8,2001
Luke Walton,SF/PF,202.56,205.1,106.59,204.47,2003
Souleymane Wane,C,204.47,207.01,106.59,226.06,2001
Nathan Knight,PF/C,203.2,207.52,106.59,218.44,2020
DeVon Hardin,C/PF,207.01,210.18,106.59,220.98,2008
Eddy Fobbs,C/PF,208.92,211.46,106.68,230.5,2005
Talen Horton-Tucker,SG,189.23,193.04,106.78,216.54,2019
Justin Lewis,PF,198.76,201.93,106.78,219.71,2022
Lamont Barnes,PF/C,204.47,207.01,106.82,222.25,2000
Draymond Green,PF/SF,197.48,201.93,106.87,216.54,2012
Trevor Booker,PF,198.76,201.93,106.96,207.64,2010
Trevor Mbakwe,PF,200.02,203.2,106.96,223.52,2013
Ron Slay,SF/PF,198.12,200.66,107.05,208.28,2003
Brent Wright,PF/SF,202.56,205.1,107.05,217.17,2001
Tedric Hill,SF/PF,202.56,205.74,107.05,215.9,2006
Andre Brown,PF/C,203.2,207.01,107.05,210.82,2004
Coleman Collins,PF,203.2,207.64,107.05,218.44,2007
Cole Aldrich,C,205.74,211.46,107.05,225.42,2010
Jaren Jackson,PF/C,207.64,211.46,107.05,226.7,2018
Jontay Porter,C/PF,208.28,212.09,107.05,214,2018
Jeff Adrien,PF,196.22,199.39,107.14,218.44,2009
Tony Mitchell,PF/SF,201.93,205.1,107.23,219.71,2013
Deji Akindele,C/PF,207.01,210.82,107.23,220.98,2005
Mark Madsen,PF,203.2,205.74,107.27,214.63,2000
Michael Foster Jr.,C,202.56,206.38,107.32,214,2022
Charlie Villanueva,PF/SF,205.74,207.01,107.32,214,2005
Jaylin Williams,C,205.1,208.28,107.32,215.9,2022
Chris Owens,PF/SF,200.66,203.2,107.5,212.09,2002
Jerome Beasley,SF/PF,205.74,208.28,107.5,214.63,2003
Bruno Fernando,C,205.1,208.92,107.5,221.62,2019
Antanas Kavaliauskas,PF,205.74,209.55,107.5,209.55,2007
Day'Ron Sharpe,C,205.74,208.28,120.18,213.36,2021
Mouhamed Sene,C,210.82,213.36,107.5,234.95,2006
Deyonta Davis,PF,206.38,209.55,107.59,219.71,2016
Moses Brown,C,216.54,219.71,107.59,225.42,2019
Trendon Watford,PF,201.93,205.1,107.68,219.08,2021
Ekpe Udoh,PF,205.1,207.64,107.68,224.79,2010
Solomon Alabi,C,212.09,215.26,107.68,226.06,2010
Michael Dunigan,PF/C,204.47,208.28,107.77,221.62,2011
Daniel Gafford,PF,206.38,209.55,107.77,219.71,2019
Rudy Gobert,C,214.63,218.44,107.77,234.95,2013
Ronny Turiaf,PF,203.2,206.38,107.86,217.17,2005
Eric Hicks,PF,194.94,196.85,107.95,217.17,2006
Ceedric Goodwyn,SF/PF,198.12,200.66,107.95,208.28,2000
Caleb Green,PF,198.12,203.2,107.95,212.72,2007
Jordan Mickey,PF,200.66,203.84,107.95,221.62,2015
Brad Buckman,PF,201.3,205.1,107.95,213.36,2006
Steven Smith,SF/PF,201.93,206.38,107.95,214.63,2006
Kris Humphries,PF,203.84,207.01,107.95,214.63,2004
Isaiah Mobley,PF,203.2,207.64,107.95,220.98,2021
Jacob Jaacks,PF,206.38,208.92,107.95,210.82,2000
Curtis Borchardt,C,210.18,212.72,107.95,219.71,2002
Ja Morant,PG,187.96,190.5,78.91,203.2,2019
Johnathan Motley,PF,202.56,205.1,108.05,223.52,2017
Mason Plumlee,C/PF,211.46,214.63,108.05,210.82,2013
Adreian Payne,PF,205.74,207.64,108.18,223.52,2014
Keyontae Johnson,SF,193.04,195.58,108.23,213.36,2023
Cameron Oliver,PF,200.66,203.84,108.23,216.54,2017
Jarell Martin,PF,203.2,206.38,108.23,205.74,2015
Myles Turner,C/PF,207.64,212.09,108.23,223.52,2015
LaQuinton Ross,SF,199.39,201.93,108.27,217.8,2014
Drago Pasalic,SF/PF,207.01,210.82,108.32,212.72,2005
Dewayne Dedmon,C,208.28,212.09,108.32,223.52,2013
Michael Beasley,PF/SF,200.66,203.84,108.41,214,2008
Marcus Goree,SF/PF,201.93,204.47,108.41,214.63,2000
Dylan Page,SF,201.93,205.1,108.41,200.66,2004
Drew Gordon,PF,203.2,205.1,108.41,212.09,2012
Joel Cornette,PF/SF,203.84,206.38,108.41,206.38,2003
Israel Sheinfeld,PF/C,203.84,206.38,108.41,207.64,2002
Trey Thompkins,PF,204.47,207.64,108.41,215.9,2011
Charles Bassey,C,205.1,208.28,108.41,222.25,2019
Jakob Poeltl,C,214,215.9,108.41,220.34,2016
Cliff Alexander,PF/C,201.3,204.47,108.5,222.25,2015
David Padgett,C/PF,208.92,212.09,108.64,215.9,2008
Patrick Patterson,PF,203.2,206.38,108.68,216.54,2010
Jeff Ayres,PF,205.1,208.28,108.68,215.9,2009
Erik Murphy,PF,205.1,207.01,108.77,209.55,2013
Sandro Mamukelashvili,C,205.74,208.28,108.77,216.54,2021
Darius Garland,PG,185.42,187.96,87.07,195.58,2019
RJ Barrett,SF,198,200.54,97.05,208.28,2019
Mario Boggan,PF,195.58,200.66,108.86,218.44,2007
Joseph Jones,PF,200.66,204.47,108.86,214,2008
Darius Songaila,PF,203.2,205.74,108.86,215.9,2002
Craig Bradshaw,PF,203.2,207.64,108.86,217.17,2007
Josh McRoberts,PF,203.2,208.28,108.86,215.9,2007
Nate Williams,PF/SF,204.47,208.28,108.86,217.17,2004
Melvin Ely,PF,205.74,208.28,108.86,223.52,2002
Dwight Howard,PF/C,205.74,208.92,108.86,224.79,2004
Trent Plaisted,PF,206.38,208.92,108.86,209.55,2008
Hilton Armstrong,C/PF,207.01,208.92,108.86,223.52,2006
Grant Williams,PF,197.48,201.93,108.95,207.64,2019
Luke Harangody,PF,198.12,202.56,108.95,207.01,2010
Ron Harper Jr.,SF,193.04,196.85,109.04,216.54,2022
Trayce Jackson-Davis,C,203.84,206.38,109.04,215.9,2023
Darnell Jackson,PF,200.66,202.56,109.09,211.46,2008
Jabari Smith,PF/C,207.64,210.18,109.09,219.71,2000
Admiral Schofield,SF,193.04,196.22,109.13,207.64,2019
Mike Scott,PF,201.3,205.1,109.23,210.18,2012
Markieff Morris,PF,202.56,206.38,109.23,210.18,2011
Kyle O'Quinn,PF,204.47,208.28,109.23,225.42,2012
Rolan Roberts,PF,197.48,200.02,109.32,215.9,2002
Marcus Melvin,SF/PF,200.02,204.47,109.32,213.36,2004
Brian Scalabrine,PF/SF,205.1,207.64,109.32,207.64,2001
Darryl Watkins,C,205.1,208.92,109.32,220.98,2007
Michael Southhall,C,207.01,208.92,109.32,224.16,2006
JaVale McGee,C/PF,210.82,213.36,109.32,228.6,2008
Robb Dryden,C,215.9,218.44,109.32,219.71,2001
Jae Crowder,SF,194.94,199.39,109.41,206.38,2012
Jackie Carmichael,PF,201.93,205.74,109.41,217.17,2013
Trey Lyles,PF,205.74,208.92,109.41,217.17,2015
Henry Sims,C/PF,208.28,212.72,109.41,223.52,2012
Semi Ojeleye,SF/SG,196.22,200.02,109.5,207.64,2017
Moritz Wagner,C/PF,209.55,212.09,109.5,213.36,2018
Jamie Skeen,PF,199.39,203.2,109.59,216.54,2011
Kenny Kadji,PF/C,205.1,208.28,109.59,220.98,2013
Nick Richards,C,209.55,212.09,109.59,219.08,2020
Luke Schenscher,C,212.72,217.17,109.59,226.06,2005
Stanley Johnson,SF,195.58,199.39,109.68,212.09,2015
Rick Jackson,PF,203.84,206.38,109.68,218.44,2011
Brandon Davies,PF,204.47,208.92,109.68,217.17,2013
Sam Clancy,PF,198.76,201.3,109.77,220.34,2001
Anthony Tolliver,PF,200.66,204.47,109.77,219.71,2007
Kirk Haston,PF/SF,203.2,205.74,109.77,214,2001
Matt Bonner,PF/SF,204.47,207.01,109.77,205.1,2003
Kris Lang,C/PF,206.38,208.92,109.77,212.72,2002
Major Wingate,C,204.47,210.18,109.77,223.52,2007
Henry Ellenson,PF,208.28,212.09,109.77,219.08,2016
Kyle Visser,C,208.28,212.09,109.77,210.82,2007
Shaun Pruitt,C/PF,203.84,205.74,109.86,215.9,2008
Jonathan Holmes,PF/SF,203.84,206.38,109.86,212.09,2015
Dwayne Jones,C/PF,204.47,208.28,109.86,220.34,2005
Jeremiah Robinson-Earl,PF,202.56,205.74,109.95,207.64,2021
D'Or Fischer,C/PF,206.38,209.55,109.95,228.6,2005
Willie Cauley-Stein,C,211.46,214.63,109.95,220.98,2015
Mark Williams,C,213.36,218.44,109.95,229.87,2022
Edrice Adebayo,PF/C,205.1,192.4,110.04,220.34,2017
Rakeem Christmas,PF/C,203.84,207.64,110.04,226.7,2015
Richaun Holmes,PF,203.84,207.01,110.13,217.17,2015
Kyle Wiltjer,PF,205.1,208.28,110.13,214,2016
Luka Garza,C,208.28,211.46,110.13,217.17,2021
E.J. Liddell,PF,196.85,200.66,110.22,212.72,2022
Isaiah Stewart,C,201.3,204.47,110.22,225.42,2020
DaJuan Summers,SF,201.3,204.47,110.22,215.26,2009
Rodney White,SF,201.93,204.47,110.22,212.09,2001
Kwame Brown,PF/C,208.28,210.82,110.22,215.9,2001
Primoz Brezec,C,215.26,217.8,110.22,218.44,2000
Drew Timme,C,205.1,207.64,110.31,217.8,2023
Adem Bona,C,203.84,206.38,110.4,223.52,2023
Channing Frye,PF/C,207.01,209.55,110.5,219.71,2005
Damian Jones,C,208.92,212.09,110.5,222.88,2016
Gabe Muoneke,PF/SF,198.76,201.3,110.68,214.63,2000
Rashaun Freeman,PF,198.12,203.2,110.68,212.09,2007
Charles Rhodes,PF,201.3,203.84,110.68,211.46,2008
Andre Hutson,PF,203.84,206.38,110.68,212.72,2001
Sergei Lishouk,PF/SF,208.92,212.09,110.68,213.36,2004
Spencer Hawes,PF,208.28,215.26,110.68,214.63,2007
Thomas Robinson,PF,202.56,205.1,110.77,221.62,2012
Jerome Jordan,C,212.09,215.26,110.77,226.7,2010
Orlando Robinson,C,207.64,210.82,110.86,223.52,2022
Jameel Watkins,PF/C,207.01,209.55,110.9,228.6,2000
Killian Tillie,C,206,208.54,99,203.2,2019
De'Andre Hunter,SF/PF,203.2,205.74,102,218.44,2019
Nigel Hayes,SF/PF,198.76,201.3,111.13,220.98,2016
LeBron James,SF/SG,201.3,203.84,111.13,214,2003
Trevor Harvey,C/PF,207.01,209.55,111.13,215.9,2003
Ruben Boumtje-Boumtje,C,212.09,214.63,111.13,223.52,2001
Chinanu Onuaku,C,205.74,208.28,111.22,220.34,2016
Derrick Favors,PF,205.1,208.92,111.22,223.52,2010
Tyler Cook,PF,201.3,205.1,111.31,214.63,2019
Caleb Swanigan,PF,201.93,204.47,111.4,220.98,2017
Brandon Bass,PF,198.76,201.3,111.58,219.71,2004
Sagaba Konate,C,199.39,201.93,111.58,213.36,2018
Stephane Pelle,PF/SF,200.66,203.2,111.58,218.44,2003
Uche Nsonwu-Amadi,PF/C,202.56,205.1,111.58,222.88,2003
Al Horford,PF,203.2,207.64,111.58,215.26,2007
Chris Burgess,C,208.28,210.82,111.58,212.09,2002
Jared Reiner,C/PF,208.28,212.72,111.58,214.63,2004
Ariel Hukporti,C,210.18,213.36,111.58,219.71,2021
Loren Woods,C/PF,215.26,217.8,111.58,227.33,2001
Yante Maten,PF/C,201.3,204.47,111.67,214.63,2018
Bobby Portis,PF,207.01,209.55,111.67,218.44,2015
Josh Heytvelt,PF/C,208.28,210.82,111.67,216.54,2009
Caleb Swanigan,PF,201.93,204.47,111.86,222.25,2016
Greg Monroe,PF/C,207.64,210.82,111.86,219.08,2010
Patric Young,PF,204.47,208.28,111.95,217.8,2014
Zeke Nnaji,PF/C,206.38,209.55,111.95,218.44,2020
Michael Wright,PF,200.66,203.2,112.04,212.09,2001
Jaime Lloreda,PF,200.02,204.47,112.04,207.01,2004
Torin Francis,PF/C,205.74,208.28,112.04,215.9,2006
Sasha Kaun,C/PF,205.74,210.18,112.04,223.52,2008
Mike Mardesich,C/PF,208.92,211.46,112.04,214.63,2001
Noah Vonleh,PF,203.2,207.01,112.08,224.16,2014
Jordan Williams,PF,202.56,205.74,112.13,214,2011
Tyler Zeller,PF/C,211.46,214.63,112.22,213.36,2012
Thomas Bryant,PF/C,207.01,210.18,112.4,228.6,2017
Chris Massie,PF,198.76,201.3,112.49,213.36,2002
Ryan Gomes,SF/PF,199.39,202.56,112.49,218.44,2004
Carl Landry,PF,200.66,204.47,112.49,210.82,2007
Jared Homan,C/PF,202.56,205.1,112.58,216.54,2005
Derrick Williams,PF/SF,201.3,205.1,112.67,217.17,2011
Blake Griffin,PF,204.47,208.28,112.67,211.46,2009
Omer Yurtseven,C,209.55,212.72,112.67,215.9,2017
Neemias Queta,C,211.46,214.63,112.67,223.52,2021
Jarace Walker,PF,199.39,201.93,112.76,219.71,2023
Tony Bradley,C,206.38,210.18,112.85,226.06,2017
Ali Traore,C/PF,205.1,207.64,112.94,223.52,2007
Patrick O'Bryant,C,210.82,213.36,112.94,227.96,2006
Jason Jennings,C,211.46,214,112.94,231.14,2002
Jason Klotz,C/PF,204.47,207.64,113.13,208.28,2005
Austin Wiley,C,203.84,208.28,113.13,226.06,2018
Richard Howell,PF,198.76,201.93,113.22,208.92,2013
Reggie Perry,PF/C,203.84,206.25,113.22,214,2020
Julius Randle,PF,202.56,205.74,113.26,213.36,2014
Meyers Leonard,C,212.72,216.54,113.31,220.98,2012
Chuma Okeke,SF/PF,200.66,203.2,103,213.36,2019
Zion Williamson,PF,198.12,200.66,128.8,209.55,2019
Markelle Fultz,PG,205.74,208.28,94.78,205.74,2017
Alex Len,C,218.44,220.98,113.38,223.52,2013
Kenny Adeleke,PF/C,199.39,202.56,113.4,208.92,2006
Ryvon Covile,C/PF,200.66,204.47,113.4,216.54,2007
Reggie Evans,PF,201.93,204.47,113.4,219.71,2002
Richard Hendrix,PF,200.02,205.1,113.4,220.98,2008
Udonis Haslem,PF,202.56,205.1,113.4,210.82,2002
DeAndre Jordan,C,207.64,210.82,113.4,228.6,2008
Robert Archibald,PF/C,208.28,210.82,113.4,212.72,2002
Dan McClintock,C/PF,210.82,213.36,113.4,217.17,2000
Darko Milicic,PF,212.09,214.63,113.4,226.06,2003
Jericho Sims,C,205.74,208.28,113.49,221.62,2021
Brandon McCoy,C,212.09,214.63,113.58,218.44,2018
Andrew Bogut,C/PF,210.82,214,113.67,220.98,2005
Reggie Perry,SF/PF,203.2,206.38,113.76,214.63,2019
Paul Miller,PF/C,204.47,206.38,113.85,213.36,2006
Jason Collins,PF/C,208.92,211.46,113.85,224.79,2001
Kevin Jones,PF,198.76,201.93,113.94,217.17,2012
Wendell Carter,C/PF,205.1,208.28,114.03,224.79,2018
Ryan Kalkbrenner,C,215.26,217.8,114.21,226.06,2023
Takais Brown,PF,201.3,204.47,114.31,208.28,2008
Chris Richard,PF,200.66,205.1,114.31,224.79,2007
Terrence Jones,PF/SF,203.84,207.01,114.31,219.08,2012
Jarron Collins,C/PF,206.38,208.92,114.31,220.98,2001
Alex Kirk,PF,206.38,210.18,114.31,222.25,2014
Chris Kaman,C/PF,212.09,214.63,114.31,212.72,2003
Kobe Brown,PF,199.39,201.93,114.4,215.26,2023
Ike Anigbogu,C,204.47,207.64,114.4,229.24,2017
Taylor Coppenrath,PF/SF,202.56,206.38,114.49,212.09,2005
Cameron Bairstow,PF,205.1,207.64,114.49,215.26,2014
Miles Plumlee,PF/C,209.55,212.72,114.49,215.26,2012
Kaleb Wesson,C,206.38,208.79,114.58,222.25,2020
Gregory Smith,PF/C,203.2,206.38,114.67,219.71,2011
Terence Dials,PF/C,202.56,205.74,114.76,213.36,2006
Nene ,PF,206.38,208.92,114.76,224.79,2002
Aleksander Djuric,C/PF,208.28,210.82,114.76,213.36,2003
Montrezl Harrell,PF,200.66,201.93,114.94,224.16,2015
Oscar Tshiebwe,C,201.3,203.84,115.03,222.25,2023
Omari Spellman,PF/C,203.2,206.38,115.12,218.44,2018
Robert Jackson,PF/C,202.56,205.1,115.21,213.36,2003
Thomas Welsh,PF/C,212.09,214.63,115.21,213.36,2017
Jordan Bachynski,PF,216.54,218.44,115.26,223.52,2014
Nigel Hayes,PF,198.76,201.93,115.3,221.62,2017
Eric Paschall,SF,198.12,201.3,115.39,222.88,2019
Diamond Stone,C,205.74,208.92,115.39,220.34,2016
Steven Adams,C,210.18,213.36,115.44,224.79,2013
Aaron McGhee,PF/SF,200.66,203.2,115.67,208.28,2002
Kevin Love,PF,202.56,207.01,115.67,211.46,2008
Nick Collison,PF,205.1,207.64,115.67,217.17,2003
Fab Melo,C,210.18,213.36,115.67,219.71,2012
Ales Chan,C,213.36,218.44,115.67,220.98,2004
Ellis Myles,PF,198.12,201.3,115.76,207.64,2005
Ike Diogu,PF,199.39,203.2,115.85,222.25,2005
Wayne Simien,PF,201.3,205.74,116.03,213.36,2005
Naz Reid,PF,203.84,207.01,116.03,221.62,2019
Chris Daniels,C/PF,203.84,207.01,116.12,214.63,2008
Walker Kessler,C,214,215.9,116.12,224.16,2022
Mfiondu Kabengele,PF,205.1,208.92,116.21,220.98,2019
Johnny O?Bryant III,PF,201.3,204.47,116.48,219.08,2014
Aloysius Anagonye,PF,200.02,202.56,116.57,219.71,2003
Marquis Estill,PF/C,204.47,207.01,116.57,223.52,2003
Emeka Okafor,C/PF,205.1,208.28,116.57,223.52,2004
Brandon Kurtz,PF/C,207.01,209.55,116.57,211.46,2000
Wesley Wilson,C/PF,208.92,211.46,116.57,220.98,2003
Greg Oden,C,210.82,213.36,116.57,224.16,2007
James Johnson,SF/PF,200.66,202.56,116.66,215.26,2009
Jason Maxiell,PF,195.58,198.76,116.85,221.62,2005
Adama Sanogo,C,201.3,203.84,116.94,220.34,2023
Jarrett Stephens,PF,196.22,198.76,117.03,206.38,2000
Paul Millsap,PF,198.76,201.3,117.03,217.17,2006
Shelden Williams,PF/C,201.93,204.47,117.03,224.16,2006
Carlos Boozer,PF,202.56,205.1,117.03,219.08,2002
Yemi Nicholson,PF/C,202.56,207.01,117.03,224.16,2006
Will McDonald,C/PF,207.01,209.55,117.03,222.25,2003
Vladimir Golubovic,C,211.46,214,117.03,219.71,2008
Brook Lopez,C,211.46,214.63,117.03,227.33,2008
Robert Upshaw,C,210.18,213.36,117.12,227.33,2015
Byron Mullens,C,212.72,216.54,117.12,217.17,2009
Sean May,PF,200.66,204.47,117.39,216.54,2005
David Simon,C/PF,203.2,207.01,117.39,222.25,2005
Craig Smith,PF,196.85,199.39,117.48,207.01,2006
Chris Massie,PF/C,199.39,201.93,117.48,215.9,2003
Adam Allenspach,C,212.09,214.63,117.48,214.63,2001
Kevin Pittsnogle,PF,206.38,208.92,117.57,209.55,2005
Enes Kanter,PF/C,207.64,211.46,117.57,217.17,2011
Udoka Azubuike,C,208.28,212.09,117.71,231.78,2020
Nikola Vucevic,PF/C,208.92,212.72,117.84,224.79,2011
Chris Garnett,C/PF,203.84,207.64,117.93,215.9,2004
Mario Kasun,C,212.72,215.26,117.93,212.09,2002
Royce White,PF,200.66,203.2,118.21,213.36,2012
David Roddy,PF,194.31,198.12,118.3,212.09,2022
Sam Hoskin,PF,201.3,203.84,118.39,210.18,2003
Chris Taft,PF,204.47,207.01,118.39,217.8,2005
Marvin Stone,C/PF,207.01,209.55,118.39,222.25,2003
Alan Williams,PF,201.3,203.84,118.57,217.8,2015
Michael Sweetney,PF,201.3,203.84,118.84,215.9,2003
Arthur Johnson,PF/C,200.66,204.47,118.84,220.98,2004
Vassil Evtimov,PF,207.64,210.18,118.84,209.55,2000
Jeremy Tyler,PF/C,205.74,209.55,119.02,226.06,2011
Jarnell Stokes,PF,200.66,204.47,119.2,216.54,2014
Colton Iverson,C,209.55,213.36,119.2,218.44,2013
Jackie Butler,C,203.2,207.01,119.29,217.17,2004
Al Jefferson,PF/SF,204.47,207.64,119.29,219.71,2004
Lonny Baxter,PF/C,198.76,201.3,119.75,217.17,2002
John Edwards,C,211.46,215.9,119.75,224.79,2004
Eric Chenowith,C,215.9,218.44,119.75,223.52,2001
Festus Ezeli,C/PF,207.64,212.09,119.84,227.96,2012
Trevion Williams,C,201.3,205.1,120.02,220.34,2022
Dakari Johnson,C,210.82,212.72,120.02,218.44,2015
John Riek,C,209.55,213.36,107.5,235.58,2008
Joey Dorsey,PF/C,198.76,201.3,120.2,217.8,2008
J.P. Batista,PF,201.93,204.47,120.2,208.28,2006
Marco Killingsworth,PF,196.85,200.02,120.66,220.98,2006
Brandon Hunter,PF,199.39,201.93,120.66,220.34,2003
Brendan Haywood,C,212.72,215.26,120.66,229.87,2001
Peter Ramos,C,217.8,221.62,120.66,227.33,2004
Xavier Tillman Sr.,PF/C,201.93,204.47,120.88,218.44,2020
Anthony Evans,PF,198.12,200.66,121.11,212.09,2001
Ian Vouyoukas,C/PF,204.47,207.01,121.11,215.26,2006
Marko Lekic,C,205.74,209.55,121.11,215.9,2007
Hasheem Thabeet,C,216.54,219.71,121.2,229.24,2009
Jared Sullinger,PF,202.56,205.74,121.65,216.54,2012
Artsiom Parakhouski,C,208.92,212.72,121.65,215.9,2010
RaiQuan Gray,PF,199.39,202.56,121.83,210.18,2021
Daniel Orton,C,205.1,207.01,122.11,224.16,2010
Robert Whaley,PF/C,203.2,205.74,122.2,218.44,2005
Jason Keep,C/PF,207.64,210.18,122.47,214.63,2003
Alton Ford,PF,203.84,206.38,122.92,209.55,2001
Malik Allen,PF/C,203.84,206.38,122.92,219.71,2000
Aaron Gray,C,213.36,217.8,122.92,221.62,2007
Tom Timmerrmans,PF/C,209.55,212.09,123.38,210.82,2004
Nick Sheppard,PF/C,207.01,209.55,123.83,210.82,2000
Aleks Maric,C,207.64,210.18,123.83,215.9,2008
Udoka Azubuike,C,208.28,214,124.19,231.14,2018
Charles Hathaway,C,203.2,205.74,124.28,218.44,2001
Jianlian Yi,PF,213,215.54,108,223,2007
DeJuan Blair,PF,196.22,199.39,125.46,218.44,2009
Kennedy Meeks,C,205.1,208.92,125.46,215.9,2017
Kevin Lyde,C/PF,205.1,207.64,126.1,218.44,2002
Darrell Johns,C,211.46,214,126.1,226.06,2001
Andre Drummond,C,207.64,212.72,126.37,229.24,2012
Derrick Caracter,PF,203.84,207.01,127.01,214,2010
Frans Steyn,C,216.54,219.71,127.01,219.08,2006
Marcus Campbell,C,208.92,214,127.19,228.6,2005
Kenyon Jones,PF/C,205.74,208.28,127.91,215.9,2000
Mustafa Al-Sayyad,PF/C,205.74,208.28,108.84,225.425,2005
Corsley Edwards,PF,201.3,203.84,129.27,210.18,2002
Eric Williams,C/PF,201.3,205.1,129.27,224.16,2006
Mario Bland,PF,196.85,199.39,130.18,213.36,2000
Tacko Fall,C,226.7,231.14,131,249.56,2019
Kentrell Gransberry,C,200.02,202.56,131.54,208.92,2008
Chris Christoffersen,C,215.26,217.8,132,222.25,2002
DeMarcus Cousins,C,207.01,210.18,132.36,227.96,2010
Kofi Cockburn,C,210.82,213.36,132.9,224.16,2022
Eddy Curry,C,209.55,212.09,136.53,229.87,2001
Keith Gallon,PF/C,204.47,207.01,136.89,224.79,2010
Dexter Pittman,PF/C,207.01,212.09,137.26,228.6,2010
Isaac Haas,C,216.54,220.34,137.44,226.06,2018
Pavel Podkolzin,C,222.25,224.79,137.44,227.96,2003
Zach Edey,C,221.62,224.16,138.98,240.03,2023
DeSagana Diop,C,208.28,210.82,142.43,229.87,2001
James Lang,C/PF,203.84,206.38,143.34,229.24,2003
Chris Marcus,C,213.36,215.9,151.5,233.68,2003
